object_name,image_path,split,navi_official_split,image_height,image_width,camera_model,occluded
3d_dollhouse_sink,3d_dollhouse_sink/wild_set/images/000.jpg,estimation,train,3024,4032,pixel_5,0
3d_dollhouse_sink,3d_dollhouse_sink/wild_set/images/001.jpg,estimation,train,3024,4032,pixel_4xl,0
3d_dollhouse_sink,3d_dollhouse_sink/wild_set/images/002.jpg,correspondence,train,3024,4032,pixel_4xl,0
3d_dollhouse_sink,3d_dollhouse_sink/wild_set/images/004.jpg,correspondence,train,3456,5184,canon_t4i,0
3d_dollhouse_sink,3d_dollhouse_sink/wild_set/images/005.jpg,estimation,train,3024,4032,pixel_4xl,0
3d_dollhouse_sink,3d_dollhouse_sink/wild_set/images/006.jpg,estimation,train,4032,3024,pixel_5,0
3d_dollhouse_sink,3d_dollhouse_sink/wild_set/images/007.jpg,estimation,train,3024,4032,pixel_4xl,0
3d_dollhouse_sink,3d_dollhouse_sink/wild_set/images/009.jpg,correspondence,train,3072,4080,pixel_7,0
3d_dollhouse_sink,3d_dollhouse_sink/wild_set/images/010.jpg,correspondence,train,3072,4080,pixel_7,0
3d_dollhouse_sink,3d_dollhouse_sink/wild_set/images/011.jpg,estimation,train,3456,5184,canon_t4i,0
3d_dollhouse_sink,3d_dollhouse_sink/wild_set/images/012.jpg,correspondence,train,3024,4032,pixel_4xl,0
3d_dollhouse_sink,3d_dollhouse_sink/wild_set/images/013.jpg,estimation,train,3024,4032,pixel_4xl,0
3d_dollhouse_sink,3d_dollhouse_sink/wild_set/images/014.jpg,correspondence,train,3072,4080,pixel_7,0
3d_dollhouse_sink,3d_dollhouse_sink/wild_set/images/015.jpg,estimation,train,3072,4080,pixel_7,0
3d_dollhouse_sink,3d_dollhouse_sink/wild_set/images/016.jpg,correspondence,train,3024,4032,pixel_4xl,0
3d_dollhouse_sink,3d_dollhouse_sink/wild_set/images/017.jpg,estimation,train,3024,4032,pixel_4xl,0
3d_dollhouse_sink,3d_dollhouse_sink/wild_set/images/018.jpg,correspondence,train,3024,4032,pixel_4xl,0
3d_dollhouse_sink,3d_dollhouse_sink/wild_set/images/019.jpg,estimation,train,3072,4080,pixel_7,0
3d_dollhouse_sink,3d_dollhouse_sink/wild_set/images/020.jpg,correspondence,train,3024,4032,pixel_4xl,0
3d_dollhouse_sink,3d_dollhouse_sink/wild_set/images/022.jpg,correspondence,train,3456,5184,canon_t4i,0
3d_dollhouse_sink,3d_dollhouse_sink/wild_set/images/023.jpg,correspondence,train,3072,4080,pixel_7,0
3d_dollhouse_sink,3d_dollhouse_sink/wild_set/images/024.jpg,correspondence,train,3024,4032,pixel_4xl,0
3d_dollhouse_sink,3d_dollhouse_sink/wild_set/images/025.jpg,estimation,train,3456,5184,canon_t4i,0
3d_dollhouse_sink,3d_dollhouse_sink/wild_set/images/026.jpg,estimation,train,3024,4032,pixel_5,0
3d_dollhouse_sink,3d_dollhouse_sink/wild_set/images/027.jpg,estimation,train,3072,4080,pixel_7,0
3d_dollhouse_sink,3d_dollhouse_sink/wild_set/images/028.jpg,estimation,train,3024,4032,pixel_4xl,0
3d_dollhouse_sink,3d_dollhouse_sink/wild_set/images/029.jpg,estimation,train,3456,5184,canon_t4i,0
3d_dollhouse_sink,3d_dollhouse_sink/wild_set/images/030.jpg,estimation,train,3456,5184,canon_t4i,0
3d_dollhouse_sink,3d_dollhouse_sink/wild_set/images/031.jpg,estimation,train,3456,5184,canon_t4i,0
3d_dollhouse_sink,3d_dollhouse_sink/wild_set/images/032.jpg,estimation,train,3072,4080,pixel_7,0
3d_dollhouse_sink,3d_dollhouse_sink/wild_set/images/033.jpg,correspondence,train,3024,4032,pixel_4xl,0
3d_dollhouse_sink,3d_dollhouse_sink/wild_set/images/034.jpg,correspondence,train,3024,4032,pixel_4xl,0
3d_dollhouse_sink,3d_dollhouse_sink/wild_set/images/035.jpg,estimation,train,3024,4032,pixel_5,0
3d_dollhouse_sink,3d_dollhouse_sink/wild_set/images/036.jpg,correspondence,train,4032,3024,pixel_5,0
3d_dollhouse_sink,3d_dollhouse_sink/wild_set/images/037.jpg,correspondence,train,3456,5184,canon_t4i,0
3d_dollhouse_sink,3d_dollhouse_sink/wild_set/images/038.jpg,estimation,train,4032,3024,pixel_4xl,0
3d_dollhouse_sink,3d_dollhouse_sink/wild_set/images/039.jpg,correspondence,train,3456,5184,canon_t4i,0
3d_dollhouse_sink,3d_dollhouse_sink/wild_set/images/040.jpg,correspondence,train,3024,4032,pixel_5,0
3d_dollhouse_sink,3d_dollhouse_sink/wild_set/images/041.jpg,estimation,train,3024,4032,pixel_4xl,0
3d_dollhouse_sink,3d_dollhouse_sink/wild_set/images/042.jpg,correspondence,train,3024,4032,pixel_4xl,0
3d_dollhouse_sink,3d_dollhouse_sink/wild_set/images/043.jpg,estimation,train,3024,4032,ipad_4,0
3d_dollhouse_sink,3d_dollhouse_sink/wild_set/images/044.jpg,correspondence,train,3024,4032,pixel_5,0
3d_dollhouse_sink,3d_dollhouse_sink/wild_set/images/046.jpg,estimation,train,3456,5184,canon_t4i,0
3d_dollhouse_sink,3d_dollhouse_sink/wild_set/images/047.jpg,correspondence,train,3024,4032,pixel_4xl,0
3d_dollhouse_sink,3d_dollhouse_sink/wild_set/images/048.jpg,estimation,train,3456,5184,canon_t4i,0
3d_dollhouse_sink,3d_dollhouse_sink/wild_set/images/049.jpg,correspondence,train,4032,3024,pixel_5,0
3d_dollhouse_sink,3d_dollhouse_sink/wild_set/images/050.jpg,correspondence,train,3024,4032,pixel_4xl,0
3d_dollhouse_sink,3d_dollhouse_sink/wild_set/images/051.jpg,estimation,train,3024,4032,pixel_4xl,0
3d_dollhouse_sink,3d_dollhouse_sink/wild_set/images/052.jpg,estimation,train,4032,3024,pixel_5,0
3d_dollhouse_sink,3d_dollhouse_sink/wild_set/images/053.jpg,correspondence,train,3024,4032,pixel_5,0
3d_dollhouse_sink,3d_dollhouse_sink/wild_set/images/055.jpg,correspondence,train,3456,5184,canon_t4i,0
3d_dollhouse_sink,3d_dollhouse_sink/wild_set/images/056.jpg,correspondence,train,3072,4080,pixel_7,0
3d_dollhouse_sink,3d_dollhouse_sink/wild_set/images/057.jpg,correspondence,val,3024,4032,pixel_5,0
3d_dollhouse_sink,3d_dollhouse_sink/wild_set/images/058.jpg,correspondence,val,3024,4032,pixel_4xl,0
3d_dollhouse_sink,3d_dollhouse_sink/wild_set/images/059.jpg,estimation,val,3024,4032,pixel_4xl,0
3d_dollhouse_sink,3d_dollhouse_sink/wild_set/images/060.jpg,estimation,val,3024,4032,pixel_4xl,0
3d_dollhouse_sink,3d_dollhouse_sink/wild_set/images/061.jpg,correspondence,val,3024,4032,pixel_4xl,0
3d_dollhouse_sink,3d_dollhouse_sink/wild_set/images/062.jpg,correspondence,val,3024,4032,pixel_4xl,0
3d_dollhouse_sink,3d_dollhouse_sink/wild_set/images/063.jpg,correspondence,val,3456,5184,canon_t4i,0
3d_dollhouse_sink,3d_dollhouse_sink/wild_set/images/064.jpg,estimation,val,3072,4080,pixel_7,0
3d_dollhouse_sink,3d_dollhouse_sink/wild_set/images/065.jpg,estimation,val,3024,4032,pixel_4xl,0
3d_dollhouse_sink,3d_dollhouse_sink/wild_set/images/066.jpg,correspondence,val,3456,5184,canon_t4i,0
3d_dollhouse_sink,3d_dollhouse_sink/wild_set/images/067.jpg,correspondence,val,3072,4080,pixel_7,0
3d_dollhouse_sink,3d_dollhouse_sink/wild_set/images/068.jpg,correspondence,val,3024,4032,pixel_4xl,0
3d_dollhouse_sink,3d_dollhouse_sink/wild_set/images/069.jpg,estimation,val,3024,4032,pixel_4xl,0
3d_dollhouse_sink,3d_dollhouse_sink/wild_set/images/070.jpg,estimation,val,3024,4032,pixel_4xl,0
3d_dollhouse_sink,3d_dollhouse_sink/wild_set/images/071.jpg,estimation,val,3024,4032,pixel_4xl,0
box_multi_door_colored,box_multi_door_colored/wild_set/images/000.jpg,estimation,val,3024,4032,pixel_4a,0
box_multi_door_colored,box_multi_door_colored/wild_set/images/001.jpg,correspondence,train,3024,4032,pixel_4a,0
box_multi_door_colored,box_multi_door_colored/wild_set/images/002.jpg,estimation,train,3024,4032,pixel_4a,0
box_multi_door_colored,box_multi_door_colored/wild_set/images/003.jpg,correspondence,val,3024,4032,pixel_4a,0
box_multi_door_colored,box_multi_door_colored/wild_set/images/004.jpg,estimation,train,3024,4032,pixel_4a,0
box_multi_door_colored,box_multi_door_colored/wild_set/images/005.jpg,estimation,train,3024,4032,pixel_4a,0
box_multi_door_colored,box_multi_door_colored/wild_set/images/006.jpg,correspondence,train,3024,4032,pixel_4a,0
box_multi_door_colored,box_multi_door_colored/wild_set/images/007.jpg,correspondence,val,3024,4032,pixel_4a,0
box_multi_door_colored,box_multi_door_colored/wild_set/images/008.jpg,estimation,val,3024,4032,pixel_4a,0
box_multi_door_colored,box_multi_door_colored/wild_set/images/009.jpg,estimation,train,4000,6000,sony_a6000,0
box_multi_door_colored,box_multi_door_colored/wild_set/images/010.jpg,correspondence,val,3024,4032,pixel_4a,0
box_multi_door_colored,box_multi_door_colored/wild_set/images/011.jpg,estimation,train,3024,4032,pixel_4a,0
box_multi_door_colored,box_multi_door_colored/wild_set/images/012.jpg,correspondence,train,3024,4032,pixel_4a,0
box_multi_door_colored,box_multi_door_colored/wild_set/images/013.jpg,estimation,train,3024,4032,pixel_4a,0
box_multi_door_colored,box_multi_door_colored/wild_set/images/014.jpg,estimation,val,3024,4032,pixel_4a,0
box_multi_door_colored,box_multi_door_colored/wild_set/images/015.jpg,estimation,train,3024,4032,pixel_4a,0
box_multi_door_colored,box_multi_door_colored/wild_set/images/016.jpg,correspondence,train,3024,4032,pixel_4a,0
box_multi_door_colored,box_multi_door_colored/wild_set/images/017.jpg,estimation,train,3024,4032,pixel_4a,0
box_multi_door_colored,box_multi_door_colored/wild_set/images/018.jpg,correspondence,train,3024,4032,pixel_4a,0
box_multi_door_colored,box_multi_door_colored/wild_set/images/019.jpg,correspondence,val,3024,4032,pixel_4a,0
box_multi_door_colored,box_multi_door_colored/wild_set/images/020.jpg,estimation,val,4000,6000,sony_a6000,0
box_multi_door_colored,box_multi_door_colored/wild_set/images/021.jpg,estimation,train,3024,4032,pixel_4a,0
box_multi_door_colored,box_multi_door_colored/wild_set/images/022.jpg,correspondence,val,4032,3024,pixel_4a,0
box_multi_door_colored,box_multi_door_colored/wild_set/images/023.jpg,estimation,train,4000,6000,sony_a6000,0
box_multi_door_colored,box_multi_door_colored/wild_set/images/024.jpg,correspondence,train,3024,4032,pixel_4a,0
box_multi_door_colored,box_multi_door_colored/wild_set/images/025.jpg,estimation,train,3024,4032,pixel_4a,0
box_multi_door_colored,box_multi_door_colored/wild_set/images/026.jpg,correspondence,train,4000,6000,sony_a6000,0
box_multi_door_colored,box_multi_door_colored/wild_set/images/027.jpg,correspondence,train,3024,4032,pixel_4a,0
box_multi_door_colored,box_multi_door_colored/wild_set/images/028.jpg,estimation,train,3024,4032,pixel_4a,0
box_multi_door_colored,box_multi_door_colored/wild_set/images/029.jpg,estimation,train,3024,4032,iphone_7plus,0
box_multi_door_colored,box_multi_door_colored/wild_set/images/030.jpg,estimation,train,3024,4032,pixel_4a,0
box_multi_door_colored,box_multi_door_colored/wild_set/images/031.jpg,correspondence,train,4000,6000,sony_a6000,0
box_multi_door_colored,box_multi_door_colored/wild_set/images/032.jpg,correspondence,train,3024,4032,pixel_4a,0
box_multi_door_colored,box_multi_door_colored/wild_set/images/033.jpg,correspondence,train,3024,4032,iphone_7plus,0
box_multi_door_colored,box_multi_door_colored/wild_set/images/034.jpg,correspondence,val,3024,4032,pixel_4a,0
box_multi_door_colored,box_multi_door_colored/wild_set/images/035.jpg,estimation,train,3024,4032,pixel_4a,0
box_multi_door_colored,box_multi_door_colored/wild_set/images/036.jpg,correspondence,val,3024,4032,pixel_4a,0
box_multi_door_colored,box_multi_door_colored/wild_set/images/037.jpg,estimation,train,4000,6000,sony_a6000,0
box_multi_door_colored,box_multi_door_colored/wild_set/images/038.jpg,estimation,train,3024,4032,pixel_4a,0
box_multi_door_colored,box_multi_door_colored/wild_set/images/039.jpg,estimation,val,3024,4032,pixel_4a,0
box_multi_door_colored,box_multi_door_colored/wild_set/images/040.jpg,correspondence,train,3024,4032,iphone_7plus,0
box_multi_door_colored,box_multi_door_colored/wild_set/images/041.jpg,correspondence,train,3024,4032,pixel_4a,0
box_multi_door_colored,box_multi_door_colored/wild_set/images/042.jpg,correspondence,train,3024,4032,iphone_7plus,0
box_multi_door_colored,box_multi_door_colored/wild_set/images/043.jpg,correspondence,train,3024,4032,pixel_4a,0
box_multi_door_colored,box_multi_door_colored/wild_set/images/044.jpg,estimation,train,3024,4032,pixel_4a,0
box_multi_door_colored,box_multi_door_colored/wild_set/images/045.jpg,estimation,train,3024,4032,pixel_4a,0
box_multi_door_colored,box_multi_door_colored/wild_set/images/046.jpg,correspondence,train,3024,4032,iphone_7plus,0
box_multi_door_colored,box_multi_door_colored/wild_set/images/047.jpg,correspondence,train,4000,6000,sony_a6000,0
box_multi_door_colored,box_multi_door_colored/wild_set/images/048.jpg,estimation,train,3024,4032,pixel_4a,0
box_multi_door_colored,box_multi_door_colored/wild_set/images/049.jpg,estimation,train,3024,4032,iphone_7plus,0
box_multi_door_colored,box_multi_door_colored/wild_set/images/050.jpg,correspondence,train,4000,6000,sony_a6000,0
box_multi_door_colored,box_multi_door_colored/wild_set/images/051.jpg,correspondence,train,3024,4032,pixel_4a,0
box_multi_door_colored,box_multi_door_colored/wild_set/images/052.jpg,correspondence,train,3024,4032,iphone_7plus,0
box_multi_door_colored,box_multi_door_colored/wild_set/images/053.jpg,correspondence,train,3024,4032,pixel_4a,0
box_multi_door_colored,box_multi_door_colored/wild_set/images/054.jpg,estimation,train,3024,4032,iphone_7plus,0
box_multi_door_colored,box_multi_door_colored/wild_set/images/055.jpg,estimation,train,3024,4032,pixel_4a,0
box_multi_door_colored,box_multi_door_colored/wild_set/images/056.jpg,correspondence,train,4000,6000,sony_a6000,0
box_multi_door_colored,box_multi_door_colored/wild_set/images/057.jpg,estimation,train,3024,4032,iphone_7plus,0
box_multi_door_colored,box_multi_door_colored/wild_set/images/058.jpg,correspondence,train,3024,4032,pixel_4a,0
box_multi_door_colored,box_multi_door_colored/wild_set/images/059.jpg,correspondence,train,3024,4032,pixel_4a,0
box_multi_door_colored,box_multi_door_colored/wild_set/images/060.jpg,estimation,train,3024,4032,iphone_7plus,0
box_multi_door_colored,box_multi_door_colored/wild_set/images/061.jpg,estimation,val,3024,4032,pixel_4a,0
box_multi_door_colored,box_multi_door_colored/wild_set/images/062.jpg,correspondence,val,3024,4032,pixel_4a,0
box_multi_door_colored,box_multi_door_colored/wild_set/images/063.jpg,correspondence,train,3024,4032,pixel_4a,0
box_multi_door_colored,box_multi_door_colored/wild_set/images/064.jpg,correspondence,train,3024,4032,pixel_4a,0
box_multi_door_colored,box_multi_door_colored/wild_set/images/065.jpg,estimation,val,3024,4032,pixel_4a,0
box_multi_door_colored,box_multi_door_colored/wild_set/images/066.jpg,correspondence,train,3024,4032,iphone_7plus,0
box_multi_door_colored,box_multi_door_colored/wild_set/images/067.jpg,correspondence,train,3024,4032,pixel_4a,0
box_multi_door_colored,box_multi_door_colored/wild_set/images/068.jpg,estimation,train,3024,4032,pixel_4a,0
box_multi_door_colored,box_multi_door_colored/wild_set/images/069.jpg,estimation,train,4000,6000,sony_a6000,0
box_multi_door_colored,box_multi_door_colored/wild_set/images/070.jpg,estimation,train,3024,4032,pixel_4a,0
box_multi_door_colored,box_multi_door_colored/wild_set/images/071.jpg,correspondence,train,3024,4032,pixel_4a,0
box_multi_door_colored,box_multi_door_colored/wild_set/images/072.jpg,estimation,train,3024,4032,pixel_4a,0
box_multi_door_colored,box_multi_door_colored/wild_set/images/073.jpg,estimation,train,3024,4032,pixel_4a,0
box_multi_door_colored,box_multi_door_colored/wild_set/images/074.jpg,correspondence,train,3024,4032,pixel_4a,0
bunny_racer,bunny_racer/wild_set/images/000.jpg,correspondence,train,3024,4032,pixel_5,0
bunny_racer,bunny_racer/wild_set/images/002.jpg,estimation,train,3024,4032,pixel_5,0
bunny_racer,bunny_racer/wild_set/images/003.jpg,correspondence,train,3024,4032,pixel_5,0
bunny_racer,bunny_racer/wild_set/images/004.jpg,estimation,train,3024,4032,pixel_5,0
bunny_racer,bunny_racer/wild_set/images/005.jpg,estimation,train,3024,4032,pixel_4xl,0
bunny_racer,bunny_racer/wild_set/images/006.jpg,correspondence,train,3024,4032,pixel_5,0
bunny_racer,bunny_racer/wild_set/images/007.jpg,correspondence,train,3024,4032,ipad_4,0
bunny_racer,bunny_racer/wild_set/images/008.jpg,estimation,train,3024,4032,pixel_5,0
bunny_racer,bunny_racer/wild_set/images/010.jpg,estimation,train,3024,4032,ipad_4,0
bunny_racer,bunny_racer/wild_set/images/011.jpg,estimation,train,3024,4032,pixel_5,0
bunny_racer,bunny_racer/wild_set/images/012.jpg,correspondence,train,3024,4032,pixel_5,0
bunny_racer,bunny_racer/wild_set/images/013.jpg,correspondence,train,3024,4032,pixel_4xl,0
bunny_racer,bunny_racer/wild_set/images/014.jpg,estimation,train,3024,4032,pixel_5,0
bunny_racer,bunny_racer/wild_set/images/015.jpg,correspondence,train,3024,4032,pixel_4xl,0
bunny_racer,bunny_racer/wild_set/images/016.jpg,estimation,train,3024,4032,pixel_5,0
bunny_racer,bunny_racer/wild_set/images/017.jpg,estimation,train,3024,4032,pixel_4xl,0
bunny_racer,bunny_racer/wild_set/images/018.jpg,correspondence,train,3456,5184,canon_t4i,0
bunny_racer,bunny_racer/wild_set/images/019.jpg,correspondence,train,4032,3024,pixel_5,0
bunny_racer,bunny_racer/wild_set/images/020.jpg,correspondence,train,3456,5184,canon_t4i,0
bunny_racer,bunny_racer/wild_set/images/021.jpg,correspondence,train,3024,4032,pixel_5,0
bunny_racer,bunny_racer/wild_set/images/022.jpg,correspondence,train,3024,4032,pixel_4xl,0
bunny_racer,bunny_racer/wild_set/images/023.jpg,estimation,train,3024,4032,pixel_5,0
bunny_racer,bunny_racer/wild_set/images/024.jpg,correspondence,train,3024,4032,pixel_5,0
bunny_racer,bunny_racer/wild_set/images/025.jpg,correspondence,train,3024,4032,ipad_4,0
bunny_racer,bunny_racer/wild_set/images/026.jpg,correspondence,train,3024,4032,pixel_5,0
bunny_racer,bunny_racer/wild_set/images/027.jpg,correspondence,train,3024,4032,pixel_4xl,0
bunny_racer,bunny_racer/wild_set/images/028.jpg,estimation,train,3024,4032,pixel_4xl,0
bunny_racer,bunny_racer/wild_set/images/029.jpg,correspondence,train,3024,4032,pixel_4xl,0
bunny_racer,bunny_racer/wild_set/images/030.jpg,estimation,train,3024,4032,pixel_4xl,0
bunny_racer,bunny_racer/wild_set/images/031.jpg,correspondence,train,3024,4032,pixel_4xl,0
bunny_racer,bunny_racer/wild_set/images/033.jpg,estimation,train,4032,3024,pixel_4xl,0
bunny_racer,bunny_racer/wild_set/images/034.jpg,correspondence,train,3024,4032,pixel_5,0
bunny_racer,bunny_racer/wild_set/images/036.jpg,estimation,train,3024,4032,pixel_4xl,0
bunny_racer,bunny_racer/wild_set/images/037.jpg,estimation,train,3024,4032,pixel_5,0
bunny_racer,bunny_racer/wild_set/images/038.jpg,estimation,train,3024,4032,pixel_4xl,0
bunny_racer,bunny_racer/wild_set/images/039.jpg,correspondence,train,3024,4032,pixel_5,0
bunny_racer,bunny_racer/wild_set/images/040.jpg,correspondence,train,3024,4032,pixel_5,0
bunny_racer,bunny_racer/wild_set/images/041.jpg,estimation,train,3024,4032,pixel_5,0
bunny_racer,bunny_racer/wild_set/images/042.jpg,estimation,train,3024,4032,ipad_4,0
bunny_racer,bunny_racer/wild_set/images/043.jpg,correspondence,train,3024,4032,pixel_5,0
bunny_racer,bunny_racer/wild_set/images/044.jpg,estimation,train,3024,4032,pixel_5,0
bunny_racer,bunny_racer/wild_set/images/045.jpg,correspondence,train,3024,4032,ipad_4_c,0
bunny_racer,bunny_racer/wild_set/images/046.jpg,estimation,train,3024,4032,pixel_5,0
bunny_racer,bunny_racer/wild_set/images/047.jpg,correspondence,train,3024,4032,pixel_4xl,0
bunny_racer,bunny_racer/wild_set/images/048.jpg,estimation,train,3456,5184,canon_t4i,0
bunny_racer,bunny_racer/wild_set/images/049.jpg,correspondence,train,3024,4032,pixel_4xl,0
bunny_racer,bunny_racer/wild_set/images/050.jpg,estimation,train,3024,4032,pixel_4xl,0
bunny_racer,bunny_racer/wild_set/images/051.jpg,estimation,train,3024,4032,pixel_4xl,0
bunny_racer,bunny_racer/wild_set/images/052.jpg,estimation,train,3024,4032,pixel_4xl,0
bunny_racer,bunny_racer/wild_set/images/053.jpg,correspondence,train,3024,4032,pixel_4xl,0
bunny_racer,bunny_racer/wild_set/images/054.jpg,estimation,train,3456,5184,canon_t4i,0
bunny_racer,bunny_racer/wild_set/images/056.jpg,estimation,train,3024,4032,pixel_5,0
bunny_racer,bunny_racer/wild_set/images/058.jpg,estimation,train,3024,4032,pixel_4xl,0
bunny_racer,bunny_racer/wild_set/images/059.jpg,estimation,val,3024,4032,pixel_5,0
bunny_racer,bunny_racer/wild_set/images/061.jpg,correspondence,val,3024,4032,pixel_4xl,0
bunny_racer,bunny_racer/wild_set/images/062.jpg,estimation,val,3456,5184,canon_t4i,0
bunny_racer,bunny_racer/wild_set/images/063.jpg,estimation,val,3024,4032,pixel_4xl,0
bunny_racer,bunny_racer/wild_set/images/064.jpg,estimation,val,3024,4032,pixel_4xl,0
bunny_racer,bunny_racer/wild_set/images/065.jpg,estimation,val,3024,4032,pixel_5,0
bunny_racer,bunny_racer/wild_set/images/066.jpg,estimation,val,3024,4032,pixel_5,0
bunny_racer,bunny_racer/wild_set/images/069.jpg,correspondence,val,3024,4032,pixel_4xl,0
bunny_racer,bunny_racer/wild_set/images/071.jpg,estimation,val,3024,4032,pixel_4xl,0
bunny_racer,bunny_racer/wild_set/images/072.jpg,estimation,val,3024,4032,pixel_5,0
bunny_racer,bunny_racer/wild_set/images/073.jpg,correspondence,val,3024,4032,pixel_4xl,0
bunny_racer,bunny_racer/wild_set/images/074.jpg,correspondence,val,3024,4032,pixel_5,0
bunny_racer,bunny_racer/wild_set/images/075.jpg,correspondence,val,3024,4032,pixel_5,0
bunny_racer,bunny_racer/wild_set/images/076.jpg,correspondence,val,3024,4032,pixel_4xl,0
bunny_racer,bunny_racer/wild_set/images/077.jpg,correspondence,val,3024,4032,pixel_4xl,0
bunny_racer,bunny_racer/wild_set/images/078.jpg,correspondence,val,3024,4032,pixel_5,0
can_kernel_corn,can_kernel_corn/wild_set/images/000.jpg,correspondence,val,3024,4032,pixel_4a,0
can_kernel_corn,can_kernel_corn/wild_set/images/001.jpg,correspondence,train,3024,4032,pixel_4a,0
can_kernel_corn,can_kernel_corn/wild_set/images/002.jpg,correspondence,train,3024,4032,pixel_4a,0
can_kernel_corn,can_kernel_corn/wild_set/images/003.jpg,correspondence,train,3024,4032,pixel_4a,0
can_kernel_corn,can_kernel_corn/wild_set/images/004.jpg,estimation,train,3024,4032,pixel_4a,0
can_kernel_corn,can_kernel_corn/wild_set/images/005.jpg,estimation,train,4000,6000,sony_a6000,0
can_kernel_corn,can_kernel_corn/wild_set/images/006.jpg,correspondence,val,3024,4032,pixel_4a,0
can_kernel_corn,can_kernel_corn/wild_set/images/007.jpg,estimation,val,3024,4032,pixel_4a,0
can_kernel_corn,can_kernel_corn/wild_set/images/008.jpg,estimation,train,3024,4032,pixel_4a,0
can_kernel_corn,can_kernel_corn/wild_set/images/009.jpg,estimation,train,3024,4032,pixel_4a,0
can_kernel_corn,can_kernel_corn/wild_set/images/010.jpg,correspondence,val,3024,4032,pixel_4a,0
can_kernel_corn,can_kernel_corn/wild_set/images/011.jpg,estimation,train,3024,4032,pixel_4a,0
can_kernel_corn,can_kernel_corn/wild_set/images/012.jpg,correspondence,train,4000,6000,sony_a6000,0
can_kernel_corn,can_kernel_corn/wild_set/images/013.jpg,correspondence,train,3024,4032,pixel_4a,0
can_kernel_corn,can_kernel_corn/wild_set/images/014.jpg,correspondence,train,4000,6000,sony_a6000,0
can_kernel_corn,can_kernel_corn/wild_set/images/015.jpg,estimation,train,3024,4032,pixel_4a,0
can_kernel_corn,can_kernel_corn/wild_set/images/016.jpg,estimation,train,3024,4032,pixel_4a,0
can_kernel_corn,can_kernel_corn/wild_set/images/017.jpg,estimation,train,3024,4032,iphone_7plus,0
can_kernel_corn,can_kernel_corn/wild_set/images/018.jpg,estimation,train,4000,6000,sony_a6000,0
can_kernel_corn,can_kernel_corn/wild_set/images/019.jpg,correspondence,train,3024,4032,pixel_4a,0
can_kernel_corn,can_kernel_corn/wild_set/images/020.jpg,estimation,val,3024,4032,iphone_7plus,0
can_kernel_corn,can_kernel_corn/wild_set/images/021.jpg,correspondence,train,3024,4032,pixel_4a,0
can_kernel_corn,can_kernel_corn/wild_set/images/022.jpg,estimation,train,3024,4032,pixel_4a,0
can_kernel_corn,can_kernel_corn/wild_set/images/023.jpg,correspondence,train,3024,4032,pixel_4a,0
can_kernel_corn,can_kernel_corn/wild_set/images/024.jpg,estimation,train,3024,4032,pixel_4a,0
can_kernel_corn,can_kernel_corn/wild_set/images/025.jpg,estimation,train,3024,4032,pixel_4a,0
can_kernel_corn,can_kernel_corn/wild_set/images/026.jpg,estimation,val,3024,4032,iphone_7plus,0
can_kernel_corn,can_kernel_corn/wild_set/images/027.jpg,correspondence,train,3024,4032,iphone_7plus,0
can_kernel_corn,can_kernel_corn/wild_set/images/028.jpg,estimation,train,3024,4032,pixel_4a,0
can_kernel_corn,can_kernel_corn/wild_set/images/029.jpg,correspondence,train,4032,3024,iphone_7plus,0
can_kernel_corn,can_kernel_corn/wild_set/images/030.jpg,correspondence,train,4000,6000,sony_a6000,0
can_kernel_corn,can_kernel_corn/wild_set/images/031.jpg,correspondence,train,3024,4032,iphone_7plus,0
can_kernel_corn,can_kernel_corn/wild_set/images/032.jpg,correspondence,val,3024,4032,pixel_4a,0
can_kernel_corn,can_kernel_corn/wild_set/images/033.jpg,estimation,train,3024,4032,iphone_7plus,0
can_kernel_corn,can_kernel_corn/wild_set/images/034.jpg,correspondence,train,3024,4032,pixel_4a,0
can_kernel_corn,can_kernel_corn/wild_set/images/035.jpg,estimation,train,3024,4032,pixel_4a,0
can_kernel_corn,can_kernel_corn/wild_set/images/036.jpg,correspondence,val,3024,4032,pixel_4a,0
can_kernel_corn,can_kernel_corn/wild_set/images/037.jpg,estimation,train,4000,6000,sony_a6000,0
can_kernel_corn,can_kernel_corn/wild_set/images/038.jpg,correspondence,train,3024,4032,iphone_7plus,0
can_kernel_corn,can_kernel_corn/wild_set/images/039.jpg,estimation,train,3024,4032,pixel_4a,0
can_kernel_corn,can_kernel_corn/wild_set/images/040.jpg,estimation,val,3024,4032,pixel_4a,0
can_kernel_corn,can_kernel_corn/wild_set/images/041.jpg,correspondence,train,3024,4032,pixel_4a,0
can_kernel_corn,can_kernel_corn/wild_set/images/042.jpg,correspondence,train,3024,4032,pixel_4a,0
can_kernel_corn,can_kernel_corn/wild_set/images/043.jpg,correspondence,train,3024,4032,pixel_4a,0
can_kernel_corn,can_kernel_corn/wild_set/images/044.jpg,estimation,train,3024,4032,pixel_4a,0
can_kernel_corn,can_kernel_corn/wild_set/images/045.jpg,correspondence,train,3024,4032,pixel_4a,0
can_kernel_corn,can_kernel_corn/wild_set/images/046.jpg,estimation,train,3024,4032,pixel_4a,0
can_kernel_corn,can_kernel_corn/wild_set/images/047.jpg,correspondence,train,3024,4032,pixel_4a,0
can_kernel_corn,can_kernel_corn/wild_set/images/048.jpg,estimation,train,3024,4032,pixel_4a,0
chicken_racer,chicken_racer/wild_set/images/000.jpg,estimation,train,3024,4032,pixel_4xl,0
chicken_racer,chicken_racer/wild_set/images/001.jpg,estimation,train,3024,4032,ipad_4,0
chicken_racer,chicken_racer/wild_set/images/002.jpg,correspondence,train,3024,4032,pixel_4xl,0
chicken_racer,chicken_racer/wild_set/images/003.jpg,correspondence,train,3024,4032,pixel_4xl,0
chicken_racer,chicken_racer/wild_set/images/004.jpg,estimation,train,3024,4032,ipad_4,0
chicken_racer,chicken_racer/wild_set/images/005.jpg,correspondence,train,3024,4032,pixel_4xl,0
chicken_racer,chicken_racer/wild_set/images/006.jpg,correspondence,train,3456,5184,canon_t4i,0
chicken_racer,chicken_racer/wild_set/images/007.jpg,correspondence,train,3024,4032,pixel_4xl,0
chicken_racer,chicken_racer/wild_set/images/008.jpg,estimation,train,3024,4032,pixel_5,0
chicken_racer,chicken_racer/wild_set/images/009.jpg,correspondence,train,3456,5184,canon_t4i,0
chicken_racer,chicken_racer/wild_set/images/010.jpg,estimation,train,3456,5184,canon_t4i,0
chicken_racer,chicken_racer/wild_set/images/011.jpg,correspondence,train,3024,4032,pixel_4xl,0
chicken_racer,chicken_racer/wild_set/images/012.jpg,estimation,train,3024,4032,pixel_4xl,0
chicken_racer,chicken_racer/wild_set/images/013.jpg,estimation,train,3024,4032,pixel_4xl,0
chicken_racer,chicken_racer/wild_set/images/014.jpg,correspondence,train,3024,4032,ipad_4,0
chicken_racer,chicken_racer/wild_set/images/015.jpg,correspondence,train,3024,4032,pixel_4xl,0
chicken_racer,chicken_racer/wild_set/images/016.jpg,estimation,train,4032,3024,pixel_4xl,0
chicken_racer,chicken_racer/wild_set/images/017.jpg,correspondence,train,3024,4032,pixel_4xl,0
chicken_racer,chicken_racer/wild_set/images/018.jpg,correspondence,train,3024,4032,pixel_5,0
chicken_racer,chicken_racer/wild_set/images/020.jpg,estimation,train,3024,4032,pixel_5,0
chicken_racer,chicken_racer/wild_set/images/021.jpg,estimation,train,3024,4032,pixel_4xl,0
chicken_racer,chicken_racer/wild_set/images/023.jpg,estimation,train,3024,4032,pixel_4xl,0
chicken_racer,chicken_racer/wild_set/images/024.jpg,correspondence,train,3024,4032,pixel_5,0
chicken_racer,chicken_racer/wild_set/images/025.jpg,estimation,train,4032,3024,pixel_5,0
chicken_racer,chicken_racer/wild_set/images/026.jpg,correspondence,train,3024,4032,pixel_5,0
chicken_racer,chicken_racer/wild_set/images/027.jpg,correspondence,train,3456,5184,canon_t4i,0
chicken_racer,chicken_racer/wild_set/images/028.jpg,correspondence,train,3024,4032,pixel_5,0
chicken_racer,chicken_racer/wild_set/images/029.jpg,correspondence,train,3024,4032,pixel_5,0
chicken_racer,chicken_racer/wild_set/images/030.jpg,estimation,train,3024,4032,ipad_4,0
chicken_racer,chicken_racer/wild_set/images/031.jpg,estimation,train,4032,3024,pixel_5,0
chicken_racer,chicken_racer/wild_set/images/032.jpg,correspondence,train,3024,4032,ipad_4,0
chicken_racer,chicken_racer/wild_set/images/033.jpg,estimation,train,3024,4032,pixel_5,0
chicken_racer,chicken_racer/wild_set/images/034.jpg,estimation,train,3024,4032,pixel_4xl,0
chicken_racer,chicken_racer/wild_set/images/035.jpg,correspondence,train,3024,4032,pixel_5,0
chicken_racer,chicken_racer/wild_set/images/036.jpg,estimation,train,3024,4032,pixel_4xl,0
chicken_racer,chicken_racer/wild_set/images/037.jpg,estimation,train,3024,4032,pixel_5,0
chicken_racer,chicken_racer/wild_set/images/038.jpg,estimation,train,3024,4032,pixel_4xl,0
chicken_racer,chicken_racer/wild_set/images/039.jpg,correspondence,train,3024,4032,pixel_4xl,0
chicken_racer,chicken_racer/wild_set/images/041.jpg,correspondence,val,3024,4032,pixel_4xl,0
chicken_racer,chicken_racer/wild_set/images/044.jpg,correspondence,val,4032,3024,pixel_5,0
chicken_racer,chicken_racer/wild_set/images/046.jpg,correspondence,val,4032,3024,pixel_4xl,0
chicken_racer,chicken_racer/wild_set/images/047.jpg,correspondence,val,3024,4032,pixel_5,0
chicken_racer,chicken_racer/wild_set/images/048.jpg,correspondence,val,4032,3024,pixel_5,0
chicken_racer,chicken_racer/wild_set/images/049.jpg,estimation,val,3024,4032,pixel_5,0
chicken_racer,chicken_racer/wild_set/images/050.jpg,estimation,val,3456,5184,canon_t4i,0
chicken_racer,chicken_racer/wild_set/images/051.jpg,estimation,val,3024,4032,pixel_4xl,0
chicken_racer,chicken_racer/wild_set/images/052.jpg,estimation,val,3024,4032,pixel_4xl,0
chicken_racer,chicken_racer/wild_set/images/053.jpg,correspondence,val,3024,4032,ipad_4,0
chicken_racer,chicken_racer/wild_set/images/054.jpg,estimation,val,3024,4032,pixel_5,0
circo_fish_toothbrush_holder_14995988,circo_fish_toothbrush_holder_14995988/wild_set/images/000.jpg,correspondence,train,3072,4080,pixel_7,0
circo_fish_toothbrush_holder_14995988,circo_fish_toothbrush_holder_14995988/wild_set/images/001.jpg,correspondence,train,3024,4032,ipad_4,0
circo_fish_toothbrush_holder_14995988,circo_fish_toothbrush_holder_14995988/wild_set/images/002.jpg,estimation,train,3072,4080,pixel_7,0
circo_fish_toothbrush_holder_14995988,circo_fish_toothbrush_holder_14995988/wild_set/images/004.jpg,estimation,train,3072,4080,pixel_7,0
circo_fish_toothbrush_holder_14995988,circo_fish_toothbrush_holder_14995988/wild_set/images/005.jpg,correspondence,train,3072,4080,pixel_7,0
circo_fish_toothbrush_holder_14995988,circo_fish_toothbrush_holder_14995988/wild_set/images/006.jpg,estimation,train,3072,4080,pixel_7,0
circo_fish_toothbrush_holder_14995988,circo_fish_toothbrush_holder_14995988/wild_set/images/007.jpg,estimation,train,3072,4080,pixel_7,0
circo_fish_toothbrush_holder_14995988,circo_fish_toothbrush_holder_14995988/wild_set/images/008.jpg,estimation,train,3024,4032,pixel_5,0
circo_fish_toothbrush_holder_14995988,circo_fish_toothbrush_holder_14995988/wild_set/images/009.jpg,estimation,train,3072,4080,pixel_7,0
circo_fish_toothbrush_holder_14995988,circo_fish_toothbrush_holder_14995988/wild_set/images/010.jpg,estimation,train,3072,4080,pixel_7,0
circo_fish_toothbrush_holder_14995988,circo_fish_toothbrush_holder_14995988/wild_set/images/011.jpg,correspondence,train,3024,4032,ipad_4,0
circo_fish_toothbrush_holder_14995988,circo_fish_toothbrush_holder_14995988/wild_set/images/012.jpg,estimation,train,4032,3024,pixel_5,0
circo_fish_toothbrush_holder_14995988,circo_fish_toothbrush_holder_14995988/wild_set/images/013.jpg,correspondence,train,3024,4032,pixel_5,0
circo_fish_toothbrush_holder_14995988,circo_fish_toothbrush_holder_14995988/wild_set/images/014.jpg,correspondence,train,3072,4080,pixel_7,0
circo_fish_toothbrush_holder_14995988,circo_fish_toothbrush_holder_14995988/wild_set/images/018.jpg,correspondence,train,3072,4080,pixel_7,0
circo_fish_toothbrush_holder_14995988,circo_fish_toothbrush_holder_14995988/wild_set/images/019.jpg,estimation,train,3072,4080,pixel_7,0
circo_fish_toothbrush_holder_14995988,circo_fish_toothbrush_holder_14995988/wild_set/images/020.jpg,estimation,train,3072,4080,pixel_7,0
circo_fish_toothbrush_holder_14995988,circo_fish_toothbrush_holder_14995988/wild_set/images/021.jpg,correspondence,train,3072,4080,pixel_7,0
circo_fish_toothbrush_holder_14995988,circo_fish_toothbrush_holder_14995988/wild_set/images/022.jpg,correspondence,train,3072,4080,pixel_7,0
circo_fish_toothbrush_holder_14995988,circo_fish_toothbrush_holder_14995988/wild_set/images/023.jpg,correspondence,train,3072,4080,pixel_7,0
circo_fish_toothbrush_holder_14995988,circo_fish_toothbrush_holder_14995988/wild_set/images/024.jpg,estimation,train,3024,4032,pixel_5,0
circo_fish_toothbrush_holder_14995988,circo_fish_toothbrush_holder_14995988/wild_set/images/025.jpg,estimation,train,4032,3024,pixel_5,0
circo_fish_toothbrush_holder_14995988,circo_fish_toothbrush_holder_14995988/wild_set/images/026.jpg,estimation,train,3456,5184,canon_t4i,0
circo_fish_toothbrush_holder_14995988,circo_fish_toothbrush_holder_14995988/wild_set/images/028.jpg,estimation,train,3072,4080,pixel_7,0
circo_fish_toothbrush_holder_14995988,circo_fish_toothbrush_holder_14995988/wild_set/images/029.jpg,estimation,train,3072,4080,pixel_7,0
circo_fish_toothbrush_holder_14995988,circo_fish_toothbrush_holder_14995988/wild_set/images/031.jpg,correspondence,train,4032,3024,pixel_5,0
circo_fish_toothbrush_holder_14995988,circo_fish_toothbrush_holder_14995988/wild_set/images/032.jpg,estimation,train,3024,4032,ipad_4,0
circo_fish_toothbrush_holder_14995988,circo_fish_toothbrush_holder_14995988/wild_set/images/033.jpg,correspondence,train,3456,5184,canon_t4i,0
circo_fish_toothbrush_holder_14995988,circo_fish_toothbrush_holder_14995988/wild_set/images/034.jpg,correspondence,train,3024,4032,pixel_5,0
circo_fish_toothbrush_holder_14995988,circo_fish_toothbrush_holder_14995988/wild_set/images/035.jpg,estimation,train,3024,4032,pixel_5,0
circo_fish_toothbrush_holder_14995988,circo_fish_toothbrush_holder_14995988/wild_set/images/036.jpg,estimation,train,3024,4032,ipad_4,0
circo_fish_toothbrush_holder_14995988,circo_fish_toothbrush_holder_14995988/wild_set/images/037.jpg,correspondence,train,3072,4080,pixel_7,0
circo_fish_toothbrush_holder_14995988,circo_fish_toothbrush_holder_14995988/wild_set/images/038.jpg,estimation,train,3072,4080,pixel_7,0
circo_fish_toothbrush_holder_14995988,circo_fish_toothbrush_holder_14995988/wild_set/images/039.jpg,correspondence,train,3024,4032,ipad_4,0
circo_fish_toothbrush_holder_14995988,circo_fish_toothbrush_holder_14995988/wild_set/images/040.jpg,correspondence,train,4032,3024,pixel_5,0
circo_fish_toothbrush_holder_14995988,circo_fish_toothbrush_holder_14995988/wild_set/images/041.jpg,correspondence,train,3024,4032,pixel_5,0
circo_fish_toothbrush_holder_14995988,circo_fish_toothbrush_holder_14995988/wild_set/images/042.jpg,estimation,train,3456,5184,canon_t4i,0
circo_fish_toothbrush_holder_14995988,circo_fish_toothbrush_holder_14995988/wild_set/images/043.jpg,correspondence,train,3024,4032,pixel_5,0
circo_fish_toothbrush_holder_14995988,circo_fish_toothbrush_holder_14995988/wild_set/images/044.jpg,estimation,train,3024,4032,pixel_5,0
circo_fish_toothbrush_holder_14995988,circo_fish_toothbrush_holder_14995988/wild_set/images/045.jpg,correspondence,train,3072,4080,pixel_7,0
circo_fish_toothbrush_holder_14995988,circo_fish_toothbrush_holder_14995988/wild_set/images/046.jpg,correspondence,train,3072,4080,pixel_7,0
circo_fish_toothbrush_holder_14995988,circo_fish_toothbrush_holder_14995988/wild_set/images/047.jpg,correspondence,train,3072,4080,pixel_7,0
circo_fish_toothbrush_holder_14995988,circo_fish_toothbrush_holder_14995988/wild_set/images/048.jpg,estimation,train,3072,4080,pixel_7,0
circo_fish_toothbrush_holder_14995988,circo_fish_toothbrush_holder_14995988/wild_set/images/049.jpg,estimation,train,3072,4080,pixel_7,0
circo_fish_toothbrush_holder_14995988,circo_fish_toothbrush_holder_14995988/wild_set/images/050.jpg,correspondence,train,3456,5184,canon_t4i,0
circo_fish_toothbrush_holder_14995988,circo_fish_toothbrush_holder_14995988/wild_set/images/051.jpg,correspondence,train,3072,4080,pixel_7,0
circo_fish_toothbrush_holder_14995988,circo_fish_toothbrush_holder_14995988/wild_set/images/052.jpg,estimation,train,3024,4032,pixel_5,0
circo_fish_toothbrush_holder_14995988,circo_fish_toothbrush_holder_14995988/wild_set/images/053.jpg,correspondence,train,3072,4080,pixel_7,0
circo_fish_toothbrush_holder_14995988,circo_fish_toothbrush_holder_14995988/wild_set/images/054.jpg,estimation,train,3072,4080,pixel_7,0
circo_fish_toothbrush_holder_14995988,circo_fish_toothbrush_holder_14995988/wild_set/images/055.jpg,estimation,val,3456,5184,canon_t4i,0
circo_fish_toothbrush_holder_14995988,circo_fish_toothbrush_holder_14995988/wild_set/images/057.jpg,estimation,val,3024,4032,pixel_4xl,0
circo_fish_toothbrush_holder_14995988,circo_fish_toothbrush_holder_14995988/wild_set/images/058.jpg,correspondence,val,3024,4032,pixel_5,0
circo_fish_toothbrush_holder_14995988,circo_fish_toothbrush_holder_14995988/wild_set/images/060.jpg,correspondence,val,3024,4032,pixel_5,0
circo_fish_toothbrush_holder_14995988,circo_fish_toothbrush_holder_14995988/wild_set/images/061.jpg,correspondence,val,3072,4080,pixel_7,0
circo_fish_toothbrush_holder_14995988,circo_fish_toothbrush_holder_14995988/wild_set/images/062.jpg,correspondence,val,3072,4080,pixel_7,0
circo_fish_toothbrush_holder_14995988,circo_fish_toothbrush_holder_14995988/wild_set/images/063.jpg,estimation,val,3072,4080,pixel_7,0
circo_fish_toothbrush_holder_14995988,circo_fish_toothbrush_holder_14995988/wild_set/images/064.jpg,correspondence,val,3072,4080,pixel_7,0
circo_fish_toothbrush_holder_14995988,circo_fish_toothbrush_holder_14995988/wild_set/images/065.jpg,estimation,val,3072,4080,pixel_7,0
circo_fish_toothbrush_holder_14995988,circo_fish_toothbrush_holder_14995988/wild_set/images/066.jpg,correspondence,val,3072,4080,pixel_7,0
circo_fish_toothbrush_holder_14995988,circo_fish_toothbrush_holder_14995988/wild_set/images/068.jpg,correspondence,val,3072,4080,pixel_7,0
circo_fish_toothbrush_holder_14995988,circo_fish_toothbrush_holder_14995988/wild_set/images/069.jpg,estimation,val,3072,4080,pixel_7,0
circo_fish_toothbrush_holder_14995988,circo_fish_toothbrush_holder_14995988/wild_set/images/070.jpg,estimation,val,3072,4080,pixel_7,0
circo_fish_toothbrush_holder_14995988,circo_fish_toothbrush_holder_14995988/wild_set/images/071.jpg,correspondence,val,3072,4080,pixel_7,0
circo_fish_toothbrush_holder_14995988,circo_fish_toothbrush_holder_14995988/wild_set/images/072.jpg,estimation,val,3024,4032,pixel_5,0
dino_4,dino_4/wild_set/images/000.jpg,estimation,train,3072,4080,pixel_7,0
dino_4,dino_4/wild_set/images/001.jpg,estimation,train,3072,4080,pixel_7,0
dino_4,dino_4/wild_set/images/002.jpg,correspondence,train,3024,4032,pixel_5,0
dino_4,dino_4/wild_set/images/003.jpg,estimation,train,3072,4080,pixel_7,0
dino_4,dino_4/wild_set/images/004.jpg,correspondence,train,3072,4080,pixel_7,0
dino_4,dino_4/wild_set/images/005.jpg,correspondence,train,3072,4080,pixel_7,0
dino_4,dino_4/wild_set/images/007.jpg,correspondence,train,3024,4032,pixel_5,0
dino_4,dino_4/wild_set/images/008.jpg,estimation,train,3024,4032,pixel_4xl,0
dino_4,dino_4/wild_set/images/009.jpg,estimation,train,3024,4032,pixel_4xl,0
dino_4,dino_4/wild_set/images/011.jpg,estimation,train,3072,4080,pixel_7,0
dino_4,dino_4/wild_set/images/012.jpg,estimation,train,3024,4032,pixel_4xl,0
dino_4,dino_4/wild_set/images/013.jpg,correspondence,train,3072,4080,pixel_7,0
dino_4,dino_4/wild_set/images/014.jpg,estimation,train,3072,4080,pixel_7,0
dino_4,dino_4/wild_set/images/015.jpg,estimation,train,3072,4080,pixel_7,0
dino_4,dino_4/wild_set/images/016.jpg,correspondence,train,3072,4080,pixel_7,0
dino_4,dino_4/wild_set/images/017.jpg,estimation,train,3072,4080,pixel_7,0
dino_4,dino_4/wild_set/images/018.jpg,estimation,train,3072,4080,pixel_7,0
dino_4,dino_4/wild_set/images/019.jpg,estimation,train,3024,4032,pixel_5,0
dino_4,dino_4/wild_set/images/020.jpg,estimation,train,3072,4080,pixel_7,0
dino_4,dino_4/wild_set/images/021.jpg,correspondence,train,3072,4080,pixel_7,0
dino_4,dino_4/wild_set/images/022.jpg,correspondence,train,3072,4080,pixel_7,0
dino_4,dino_4/wild_set/images/024.jpg,correspondence,train,3072,4080,pixel_7,0
dino_4,dino_4/wild_set/images/026.jpg,estimation,train,3072,4080,pixel_7,0
dino_4,dino_4/wild_set/images/027.jpg,estimation,train,3024,4032,pixel_5,0
dino_4,dino_4/wild_set/images/028.jpg,estimation,train,3072,4080,pixel_7,0
dino_4,dino_4/wild_set/images/029.jpg,estimation,train,3072,4080,pixel_7,0
dino_4,dino_4/wild_set/images/031.jpg,estimation,train,3072,4080,pixel_7,0
dino_4,dino_4/wild_set/images/032.jpg,correspondence,train,3072,4080,pixel_7,0
dino_4,dino_4/wild_set/images/034.jpg,estimation,train,3072,4080,pixel_7,0
dino_4,dino_4/wild_set/images/035.jpg,correspondence,train,3024,4032,pixel_4xl,0
dino_4,dino_4/wild_set/images/036.jpg,correspondence,train,3024,4032,pixel_4xl,0
dino_4,dino_4/wild_set/images/037.jpg,estimation,train,3072,4080,pixel_7,0
dino_4,dino_4/wild_set/images/038.jpg,estimation,train,3024,4032,pixel_5,0
dino_4,dino_4/wild_set/images/039.jpg,correspondence,train,3072,4080,pixel_7,0
dino_4,dino_4/wild_set/images/041.jpg,correspondence,train,3072,4080,pixel_7,0
dino_4,dino_4/wild_set/images/042.jpg,correspondence,train,3072,4080,pixel_7,0
dino_4,dino_4/wild_set/images/043.jpg,correspondence,train,3072,4080,pixel_7,0
dino_4,dino_4/wild_set/images/044.jpg,estimation,train,3072,4080,pixel_7,0
dino_4,dino_4/wild_set/images/045.jpg,correspondence,train,3024,4032,pixel_4xl,0
dino_4,dino_4/wild_set/images/046.jpg,correspondence,train,3024,4032,pixel_5,0
dino_4,dino_4/wild_set/images/047.jpg,correspondence,train,3072,4080,pixel_7,0
dino_4,dino_4/wild_set/images/048.jpg,estimation,train,3024,4032,pixel_5,0
dino_4,dino_4/wild_set/images/049.jpg,correspondence,train,3024,4032,pixel_5,0
dino_4,dino_4/wild_set/images/050.jpg,estimation,train,3024,4032,pixel_5,0
dino_4,dino_4/wild_set/images/052.jpg,estimation,train,3072,4080,pixel_7,0
dino_4,dino_4/wild_set/images/053.jpg,correspondence,train,4032,3024,pixel_4xl,0
dino_4,dino_4/wild_set/images/054.jpg,correspondence,train,3072,4080,pixel_7,0
dino_4,dino_4/wild_set/images/055.jpg,correspondence,train,3072,4080,pixel_7,0
dino_4,dino_4/wild_set/images/056.jpg,estimation,train,3072,4080,pixel_7,0
dino_4,dino_4/wild_set/images/057.jpg,correspondence,train,3072,4080,pixel_7,0
dino_4,dino_4/wild_set/images/058.jpg,estimation,train,3072,4080,pixel_7,0
dino_4,dino_4/wild_set/images/059.jpg,correspondence,train,3072,4080,pixel_7,0
dino_4,dino_4/wild_set/images/060.jpg,correspondence,train,3024,4032,pixel_4xl,0
dino_4,dino_4/wild_set/images/061.jpg,estimation,train,3072,4080,pixel_7,0
dino_4,dino_4/wild_set/images/062.jpg,correspondence,train,3024,4032,pixel_5,0
dino_4,dino_4/wild_set/images/063.jpg,correspondence,train,3072,4080,pixel_7,0
dino_4,dino_4/wild_set/images/064.jpg,estimation,train,3072,4080,pixel_7,0
dino_4,dino_4/wild_set/images/065.jpg,correspondence,train,3072,4080,pixel_7,0
dino_4,dino_4/wild_set/images/066.jpg,estimation,train,3024,4032,pixel_4xl,0
dino_4,dino_4/wild_set/images/067.jpg,correspondence,train,3072,4080,pixel_7,0
dino_4,dino_4/wild_set/images/068.jpg,estimation,train,3072,4080,pixel_7,0
dino_4,dino_4/wild_set/images/069.jpg,correspondence,train,3024,4032,pixel_4xl,0
dino_4,dino_4/wild_set/images/070.jpg,estimation,val,3024,4032,pixel_4xl,0
dino_4,dino_4/wild_set/images/071.jpg,estimation,val,3024,4032,pixel_4xl,0
dino_4,dino_4/wild_set/images/072.jpg,estimation,val,3024,4032,pixel_5,0
dino_4,dino_4/wild_set/images/073.jpg,estimation,val,3024,4032,pixel_4xl,0
dino_4,dino_4/wild_set/images/074.jpg,correspondence,val,3024,4032,pixel_4xl,0
dino_4,dino_4/wild_set/images/075.jpg,estimation,val,3072,4080,pixel_7,0
dino_4,dino_4/wild_set/images/077.jpg,estimation,val,3024,4032,pixel_4xl,0
dino_4,dino_4/wild_set/images/078.jpg,correspondence,val,3072,4080,pixel_7,0
dino_4,dino_4/wild_set/images/079.jpg,correspondence,val,3072,4080,pixel_7,0
dino_4,dino_4/wild_set/images/080.jpg,estimation,val,3072,4080,pixel_7,0
dino_4,dino_4/wild_set/images/082.jpg,estimation,val,3072,4080,pixel_7,0
dino_4,dino_4/wild_set/images/083.jpg,correspondence,val,3072,4080,pixel_7,0
dino_4,dino_4/wild_set/images/084.jpg,correspondence,val,3024,4032,pixel_5,0
dino_4,dino_4/wild_set/images/085.jpg,correspondence,val,3072,4080,pixel_7,0
dino_4,dino_4/wild_set/images/086.jpg,correspondence,val,3072,4080,pixel_7,0
dino_4,dino_4/wild_set/images/087.jpg,correspondence,val,3024,4032,pixel_4xl,0
dino_4,dino_4/wild_set/images/088.jpg,estimation,val,3072,4080,pixel_7,0
dino_4,dino_4/wild_set/images/090.jpg,correspondence,val,3072,4080,pixel_7,0
dino_4,dino_4/wild_set/images/092.jpg,correspondence,val,3024,4032,pixel_4xl,0
dino_5,dino_5/wild_set/images/001.jpg,correspondence,train,3024,4032,pixel_4xl,0
dino_5,dino_5/wild_set/images/004.jpg,estimation,train,3024,4032,pixel_4xl,0
dino_5,dino_5/wild_set/images/005.jpg,correspondence,train,3024,4032,pixel_4xl,0
dino_5,dino_5/wild_set/images/006.jpg,estimation,train,3072,4080,pixel_7,0
dino_5,dino_5/wild_set/images/007.jpg,estimation,train,3024,4032,pixel_4xl,0
dino_5,dino_5/wild_set/images/008.jpg,correspondence,train,3072,4080,pixel_7,0
dino_5,dino_5/wild_set/images/009.jpg,correspondence,train,3072,4080,pixel_7,0
dino_5,dino_5/wild_set/images/010.jpg,correspondence,train,3456,5184,canon_t4i,0
dino_5,dino_5/wild_set/images/011.jpg,estimation,train,3456,5184,canon_t4i,0
dino_5,dino_5/wild_set/images/012.jpg,correspondence,train,3456,5184,canon_t4i,0
dino_5,dino_5/wild_set/images/013.jpg,correspondence,train,3024,4032,pixel_5,0
dino_5,dino_5/wild_set/images/014.jpg,correspondence,train,3024,4032,pixel_4xl,0
dino_5,dino_5/wild_set/images/015.jpg,correspondence,train,3024,4032,pixel_4xl,0
dino_5,dino_5/wild_set/images/016.jpg,correspondence,train,3024,4032,pixel_4xl,0
dino_5,dino_5/wild_set/images/017.jpg,estimation,train,3024,4032,pixel_4xl,0
dino_5,dino_5/wild_set/images/018.jpg,estimation,train,3024,4032,pixel_4xl,0
dino_5,dino_5/wild_set/images/019.jpg,estimation,train,3024,4032,ipad_4,0
dino_5,dino_5/wild_set/images/020.jpg,correspondence,train,3072,4080,pixel_7,0
dino_5,dino_5/wild_set/images/021.jpg,correspondence,train,3072,4080,pixel_7,0
dino_5,dino_5/wild_set/images/022.jpg,estimation,train,3072,4080,pixel_7,0
dino_5,dino_5/wild_set/images/023.jpg,correspondence,train,3024,4032,pixel_4xl,0
dino_5,dino_5/wild_set/images/024.jpg,estimation,train,3072,4080,pixel_7,0
dino_5,dino_5/wild_set/images/025.jpg,estimation,train,3072,4080,pixel_7,0
dino_5,dino_5/wild_set/images/027.jpg,correspondence,train,3024,4032,pixel_4xl,0
dino_5,dino_5/wild_set/images/028.jpg,estimation,train,3456,5184,canon_t4i,0
dino_5,dino_5/wild_set/images/029.jpg,estimation,train,3024,4032,pixel_4xl,0
dino_5,dino_5/wild_set/images/030.jpg,estimation,train,3024,4032,pixel_4xl,0
dino_5,dino_5/wild_set/images/031.jpg,correspondence,train,3072,4080,pixel_7,0
dino_5,dino_5/wild_set/images/033.jpg,estimation,train,3024,4032,pixel_5,0
dino_5,dino_5/wild_set/images/034.jpg,estimation,train,3024,4032,pixel_5,0
dino_5,dino_5/wild_set/images/035.jpg,correspondence,train,3024,4032,ipad_4,0
dino_5,dino_5/wild_set/images/036.jpg,estimation,train,3456,5184,canon_t4i,0
dino_5,dino_5/wild_set/images/037.jpg,correspondence,train,3456,5184,canon_t4i,0
dino_5,dino_5/wild_set/images/038.jpg,correspondence,train,3024,4032,pixel_5,0
dino_5,dino_5/wild_set/images/039.jpg,estimation,train,3024,4032,pixel_5,0
dino_5,dino_5/wild_set/images/040.jpg,estimation,train,3072,4080,pixel_7,0
dino_5,dino_5/wild_set/images/041.jpg,estimation,train,3024,4032,pixel_4xl,0
dino_5,dino_5/wild_set/images/042.jpg,correspondence,train,3024,4032,ipad_4_c,0
dino_5,dino_5/wild_set/images/043.jpg,correspondence,train,3024,4032,pixel_5,0
dino_5,dino_5/wild_set/images/045.jpg,correspondence,train,3024,4032,pixel_4xl,0
dino_5,dino_5/wild_set/images/046.jpg,estimation,train,3456,5184,canon_t4i,0
dino_5,dino_5/wild_set/images/047.jpg,correspondence,train,4032,3024,pixel_5,0
dino_5,dino_5/wild_set/images/048.jpg,correspondence,train,3024,4032,pixel_4xl,0
dino_5,dino_5/wild_set/images/049.jpg,estimation,train,3024,4032,pixel_4xl,0
dino_5,dino_5/wild_set/images/050.jpg,estimation,train,3072,4080,pixel_7,0
dino_5,dino_5/wild_set/images/051.jpg,estimation,train,3072,4080,pixel_7,0
dino_5,dino_5/wild_set/images/052.jpg,estimation,train,3024,4032,pixel_5,0
dino_5,dino_5/wild_set/images/055.jpg,correspondence,train,3456,5184,canon_t4i,0
dino_5,dino_5/wild_set/images/056.jpg,estimation,train,3024,4032,pixel_4xl,0
dino_5,dino_5/wild_set/images/057.jpg,correspondence,train,3024,4032,pixel_4xl,0
dino_5,dino_5/wild_set/images/058.jpg,correspondence,val,3072,4080,pixel_7,0
dino_5,dino_5/wild_set/images/059.jpg,correspondence,val,3072,4080,pixel_7,0
dino_5,dino_5/wild_set/images/060.jpg,estimation,val,3024,4032,pixel_4xl,0
dino_5,dino_5/wild_set/images/061.jpg,correspondence,val,3072,4080,pixel_7,0
dino_5,dino_5/wild_set/images/062.jpg,correspondence,val,3456,5184,canon_t4i,0
dino_5,dino_5/wild_set/images/063.jpg,estimation,val,3024,4032,pixel_5,0
dino_5,dino_5/wild_set/images/067.jpg,correspondence,val,3024,4032,pixel_4xl,0
dino_5,dino_5/wild_set/images/068.jpg,correspondence,val,3024,4032,pixel_4xl,0
dino_5,dino_5/wild_set/images/070.jpg,estimation,val,3024,4032,pixel_4xl,0
dino_5,dino_5/wild_set/images/071.jpg,estimation,val,3072,4080,pixel_7,0
dino_5,dino_5/wild_set/images/072.jpg,correspondence,val,3024,4032,pixel_5,0
dino_5,dino_5/wild_set/images/073.jpg,correspondence,val,3072,4080,pixel_7,0
dino_5,dino_5/wild_set/images/074.jpg,estimation,val,3456,5184,canon_t4i,0
dino_5,dino_5/wild_set/images/075.jpg,estimation,val,3072,4080,pixel_7,0
dino_5,dino_5/wild_set/images/077.jpg,estimation,val,3024,4032,pixel_4xl,0
dino_5,dino_5/wild_set/images/078.jpg,estimation,val,3024,4032,pixel_4xl,0
duck_bath_yellow_s,duck_bath_yellow_s/wild_set/images/000.jpg,correspondence,train,3024,4032,pixel_4a,0
duck_bath_yellow_s,duck_bath_yellow_s/wild_set/images/001.jpg,estimation,train,3024,4032,pixel_4a,0
duck_bath_yellow_s,duck_bath_yellow_s/wild_set/images/002.jpg,correspondence,train,3024,4032,pixel_4a,0
duck_bath_yellow_s,duck_bath_yellow_s/wild_set/images/003.jpg,estimation,train,3024,4032,pixel_4a,0
duck_bath_yellow_s,duck_bath_yellow_s/wild_set/images/004.jpg,correspondence,train,3024,4032,pixel_4a,0
duck_bath_yellow_s,duck_bath_yellow_s/wild_set/images/005.jpg,estimation,train,3024,4032,pixel_4a,0
duck_bath_yellow_s,duck_bath_yellow_s/wild_set/images/006.jpg,estimation,train,3024,4032,pixel_4a,0
duck_bath_yellow_s,duck_bath_yellow_s/wild_set/images/007.jpg,correspondence,train,3024,4032,pixel_4a,0
duck_bath_yellow_s,duck_bath_yellow_s/wild_set/images/008.jpg,correspondence,val,3024,4032,pixel_4a,0
duck_bath_yellow_s,duck_bath_yellow_s/wild_set/images/009.jpg,estimation,train,3024,4032,pixel_4a,0
duck_bath_yellow_s,duck_bath_yellow_s/wild_set/images/010.jpg,estimation,train,3024,4032,pixel_4a,0
duck_bath_yellow_s,duck_bath_yellow_s/wild_set/images/011.jpg,correspondence,train,3024,4032,pixel_4a,0
duck_bath_yellow_s,duck_bath_yellow_s/wild_set/images/012.jpg,correspondence,train,4000,6000,sony_a6000,0
duck_bath_yellow_s,duck_bath_yellow_s/wild_set/images/013.jpg,estimation,train,3024,4032,pixel_4a,0
duck_bath_yellow_s,duck_bath_yellow_s/wild_set/images/014.jpg,correspondence,train,3024,4032,pixel_4a,0
duck_bath_yellow_s,duck_bath_yellow_s/wild_set/images/015.jpg,correspondence,train,3024,4032,pixel_4a,0
duck_bath_yellow_s,duck_bath_yellow_s/wild_set/images/016.jpg,estimation,train,4000,6000,sony_a6000,0
duck_bath_yellow_s,duck_bath_yellow_s/wild_set/images/017.jpg,estimation,train,3024,4032,pixel_4a,0
duck_bath_yellow_s,duck_bath_yellow_s/wild_set/images/018.jpg,correspondence,train,4000,6000,sony_a6000,0
duck_bath_yellow_s,duck_bath_yellow_s/wild_set/images/019.jpg,estimation,val,3024,4032,pixel_4a,0
duck_bath_yellow_s,duck_bath_yellow_s/wild_set/images/020.jpg,correspondence,train,3024,4032,pixel_4a,0
duck_bath_yellow_s,duck_bath_yellow_s/wild_set/images/021.jpg,correspondence,train,3024,4032,pixel_4a,0
duck_bath_yellow_s,duck_bath_yellow_s/wild_set/images/022.jpg,correspondence,train,3024,4032,pixel_4a,0
duck_bath_yellow_s,duck_bath_yellow_s/wild_set/images/023.jpg,estimation,train,3024,4032,pixel_4a,0
duck_bath_yellow_s,duck_bath_yellow_s/wild_set/images/024.jpg,correspondence,train,3024,4032,pixel_4a,0
duck_bath_yellow_s,duck_bath_yellow_s/wild_set/images/025.jpg,estimation,val,3024,4032,iphone_7plus,0
duck_bath_yellow_s,duck_bath_yellow_s/wild_set/images/026.jpg,correspondence,train,3024,4032,pixel_4a,0
duck_bath_yellow_s,duck_bath_yellow_s/wild_set/images/027.jpg,estimation,train,3024,4032,pixel_4a,0
duck_bath_yellow_s,duck_bath_yellow_s/wild_set/images/028.jpg,estimation,val,4000,6000,sony_a6000,0
duck_bath_yellow_s,duck_bath_yellow_s/wild_set/images/029.jpg,estimation,train,3024,4032,pixel_4a,0
duck_bath_yellow_s,duck_bath_yellow_s/wild_set/images/030.jpg,correspondence,train,3024,4032,pixel_4a,0
duck_bath_yellow_s,duck_bath_yellow_s/wild_set/images/031.jpg,correspondence,val,4000,6000,sony_a6000,0
duck_bath_yellow_s,duck_bath_yellow_s/wild_set/images/032.jpg,estimation,train,3024,4032,pixel_4a,0
duck_bath_yellow_s,duck_bath_yellow_s/wild_set/images/033.jpg,correspondence,train,3024,4032,pixel_4a,0
duck_bath_yellow_s,duck_bath_yellow_s/wild_set/images/034.jpg,estimation,train,3024,4032,pixel_4a,0
duck_bath_yellow_s,duck_bath_yellow_s/wild_set/images/035.jpg,correspondence,val,3024,4032,iphone_7plus,0
duck_bath_yellow_s,duck_bath_yellow_s/wild_set/images/036.jpg,estimation,train,3024,4032,pixel_4a,0
duck_bath_yellow_s,duck_bath_yellow_s/wild_set/images/037.jpg,correspondence,train,3024,4032,pixel_4a,0
duck_bath_yellow_s,duck_bath_yellow_s/wild_set/images/038.jpg,estimation,train,3024,4032,iphone_7plus,0
duck_bath_yellow_s,duck_bath_yellow_s/wild_set/images/039.jpg,estimation,train,3024,4032,pixel_4a,0
duck_bath_yellow_s,duck_bath_yellow_s/wild_set/images/040.jpg,correspondence,train,3024,4032,pixel_4a,0
duck_bath_yellow_s,duck_bath_yellow_s/wild_set/images/041.jpg,estimation,train,3024,4032,pixel_4a,0
duck_bath_yellow_s,duck_bath_yellow_s/wild_set/images/042.jpg,estimation,train,4000,6000,sony_a6000,0
duck_bath_yellow_s,duck_bath_yellow_s/wild_set/images/043.jpg,estimation,train,3024,4032,pixel_4a,0
duck_bath_yellow_s,duck_bath_yellow_s/wild_set/images/044.jpg,estimation,train,3024,4032,pixel_4a,0
duck_bath_yellow_s,duck_bath_yellow_s/wild_set/images/045.jpg,estimation,train,3024,4032,iphone_7plus,0
duck_bath_yellow_s,duck_bath_yellow_s/wild_set/images/046.jpg,correspondence,train,3024,4032,pixel_4a,0
duck_bath_yellow_s,duck_bath_yellow_s/wild_set/images/047.jpg,correspondence,val,3024,4032,iphone_7plus,0
duck_bath_yellow_s,duck_bath_yellow_s/wild_set/images/048.jpg,correspondence,train,3024,4032,pixel_4a,0
duck_bath_yellow_s,duck_bath_yellow_s/wild_set/images/049.jpg,correspondence,train,3024,4032,pixel_4a,0
duck_bath_yellow_s,duck_bath_yellow_s/wild_set/images/050.jpg,estimation,train,3024,4032,pixel_4a,0
duck_bath_yellow_s,duck_bath_yellow_s/wild_set/images/051.jpg,estimation,val,3024,4032,iphone_7plus,0
duck_bath_yellow_s,duck_bath_yellow_s/wild_set/images/052.jpg,estimation,val,4000,6000,sony_a6000,0
duck_bath_yellow_s,duck_bath_yellow_s/wild_set/images/053.jpg,estimation,train,3024,4032,pixel_4a,0
duck_bath_yellow_s,duck_bath_yellow_s/wild_set/images/054.jpg,estimation,train,3024,4032,iphone_7plus,0
duck_bath_yellow_s,duck_bath_yellow_s/wild_set/images/055.jpg,correspondence,val,4000,6000,sony_a6000,0
duck_bath_yellow_s,duck_bath_yellow_s/wild_set/images/056.jpg,correspondence,train,3024,4032,pixel_4a,0
duck_bath_yellow_s,duck_bath_yellow_s/wild_set/images/057.jpg,correspondence,train,3024,4032,iphone_7plus,0
duck_bath_yellow_s,duck_bath_yellow_s/wild_set/images/058.jpg,estimation,train,3024,4032,pixel_4a,0
duck_bath_yellow_s,duck_bath_yellow_s/wild_set/images/059.jpg,correspondence,val,3024,4032,iphone_7plus,0
duck_bath_yellow_s,duck_bath_yellow_s/wild_set/images/060.jpg,correspondence,val,3024,4032,pixel_4a,0
duck_bath_yellow_s,duck_bath_yellow_s/wild_set/images/061.jpg,estimation,train,4000,6000,sony_a6000,0
duck_bath_yellow_s,duck_bath_yellow_s/wild_set/images/062.jpg,correspondence,train,3024,4032,iphone_7plus,0
duck_bath_yellow_s,duck_bath_yellow_s/wild_set/images/063.jpg,correspondence,train,3024,4032,pixel_4a,0
duck_bath_yellow_s,duck_bath_yellow_s/wild_set/images/064.jpg,correspondence,train,3024,4032,pixel_4a,0
duck_bath_yellow_s,duck_bath_yellow_s/wild_set/images/065.jpg,correspondence,train,3024,4032,pixel_4a,0
duck_bath_yellow_s,duck_bath_yellow_s/wild_set/images/066.jpg,estimation,val,3024,4032,pixel_4a,0
duck_bath_yellow_s,duck_bath_yellow_s/wild_set/images/067.jpg,correspondence,train,3024,4032,pixel_4a,0
duck_bath_yellow_s,duck_bath_yellow_s/wild_set/images/068.jpg,estimation,val,3024,4032,pixel_4a,0
duck_bath_yellow_s,duck_bath_yellow_s/wild_set/images/069.jpg,estimation,train,3024,4032,iphone_7plus,0
duck_bath_yellow_s,duck_bath_yellow_s/wild_set/images/070.jpg,estimation,val,3024,4032,pixel_4a,0
duck_bath_yellow_s,duck_bath_yellow_s/wild_set/images/071.jpg,estimation,train,4032,3024,pixel_4a,0
duck_bath_yellow_s,duck_bath_yellow_s/wild_set/images/072.jpg,correspondence,train,3024,4032,pixel_4a,0
duck_bath_yellow_s,duck_bath_yellow_s/wild_set/images/073.jpg,correspondence,train,4000,6000,sony_a6000,0
duck_bath_yellow_s,duck_bath_yellow_s/wild_set/images/074.jpg,correspondence,val,3024,4032,pixel_4a,0
duck_bath_yellow_s,duck_bath_yellow_s/wild_set/images/075.jpg,correspondence,train,3024,4032,pixel_4a,0
duck_bath_yellow_s,duck_bath_yellow_s/wild_set/images/076.jpg,estimation,train,3024,4032,pixel_4a,0
duck_bath_yellow_s,duck_bath_yellow_s/wild_set/images/077.jpg,estimation,train,3024,4032,pixel_4a,0
duck_bath_yellow_s,duck_bath_yellow_s/wild_set/images/078.jpg,estimation,train,3024,4032,pixel_4a,0
fire_engine_toy_red_yellow_s,fire_engine_toy_red_yellow_s/wild_set/images/000.jpg,correspondence,train,3024,4032,pixel_4a,0
fire_engine_toy_red_yellow_s,fire_engine_toy_red_yellow_s/wild_set/images/001.jpg,correspondence,train,3024,4032,pixel_4a,0
fire_engine_toy_red_yellow_s,fire_engine_toy_red_yellow_s/wild_set/images/002.jpg,estimation,val,3024,4032,pixel_4a,0
fire_engine_toy_red_yellow_s,fire_engine_toy_red_yellow_s/wild_set/images/003.jpg,correspondence,train,3024,4032,pixel_4a,0
fire_engine_toy_red_yellow_s,fire_engine_toy_red_yellow_s/wild_set/images/004.jpg,estimation,train,3024,4032,pixel_4a,0
fire_engine_toy_red_yellow_s,fire_engine_toy_red_yellow_s/wild_set/images/005.jpg,correspondence,train,3024,4032,pixel_4a,0
fire_engine_toy_red_yellow_s,fire_engine_toy_red_yellow_s/wild_set/images/006.jpg,correspondence,train,3024,4032,pixel_4a,0
fire_engine_toy_red_yellow_s,fire_engine_toy_red_yellow_s/wild_set/images/007.jpg,correspondence,train,3024,4032,pixel_4a,0
fire_engine_toy_red_yellow_s,fire_engine_toy_red_yellow_s/wild_set/images/008.jpg,correspondence,train,3024,4032,pixel_4a,0
fire_engine_toy_red_yellow_s,fire_engine_toy_red_yellow_s/wild_set/images/009.jpg,correspondence,val,3024,4032,pixel_4a,0
fire_engine_toy_red_yellow_s,fire_engine_toy_red_yellow_s/wild_set/images/010.jpg,estimation,train,3024,4032,pixel_4a,0
fire_engine_toy_red_yellow_s,fire_engine_toy_red_yellow_s/wild_set/images/011.jpg,estimation,val,3024,4032,pixel_4a,0
fire_engine_toy_red_yellow_s,fire_engine_toy_red_yellow_s/wild_set/images/012.jpg,estimation,train,4000,6000,sony_a6000,0
fire_engine_toy_red_yellow_s,fire_engine_toy_red_yellow_s/wild_set/images/013.jpg,correspondence,train,3024,4032,pixel_4a,0
fire_engine_toy_red_yellow_s,fire_engine_toy_red_yellow_s/wild_set/images/014.jpg,estimation,train,3024,4032,pixel_4a,0
fire_engine_toy_red_yellow_s,fire_engine_toy_red_yellow_s/wild_set/images/015.jpg,correspondence,train,3024,4032,pixel_4a,0
fire_engine_toy_red_yellow_s,fire_engine_toy_red_yellow_s/wild_set/images/016.jpg,correspondence,train,4000,6000,sony_a6000,0
fire_engine_toy_red_yellow_s,fire_engine_toy_red_yellow_s/wild_set/images/017.jpg,correspondence,train,3024,4032,pixel_4a,0
fire_engine_toy_red_yellow_s,fire_engine_toy_red_yellow_s/wild_set/images/018.jpg,estimation,train,4000,6000,sony_a6000,0
fire_engine_toy_red_yellow_s,fire_engine_toy_red_yellow_s/wild_set/images/019.jpg,estimation,train,3024,4032,pixel_4a,0
fire_engine_toy_red_yellow_s,fire_engine_toy_red_yellow_s/wild_set/images/020.jpg,correspondence,train,3024,4032,pixel_4a,0
fire_engine_toy_red_yellow_s,fire_engine_toy_red_yellow_s/wild_set/images/021.jpg,estimation,train,3024,4032,pixel_4a,0
fire_engine_toy_red_yellow_s,fire_engine_toy_red_yellow_s/wild_set/images/022.jpg,estimation,train,3024,4032,pixel_4a,0
fire_engine_toy_red_yellow_s,fire_engine_toy_red_yellow_s/wild_set/images/023.jpg,correspondence,train,3024,4032,pixel_4a,0
fire_engine_toy_red_yellow_s,fire_engine_toy_red_yellow_s/wild_set/images/024.jpg,estimation,val,3024,4032,pixel_4a,0
fire_engine_toy_red_yellow_s,fire_engine_toy_red_yellow_s/wild_set/images/025.jpg,correspondence,val,3024,4032,iphone_7plus,0
fire_engine_toy_red_yellow_s,fire_engine_toy_red_yellow_s/wild_set/images/026.jpg,estimation,train,3024,4032,pixel_4a,0
fire_engine_toy_red_yellow_s,fire_engine_toy_red_yellow_s/wild_set/images/027.jpg,correspondence,train,3024,4032,pixel_4a,0
fire_engine_toy_red_yellow_s,fire_engine_toy_red_yellow_s/wild_set/images/028.jpg,correspondence,train,4000,6000,sony_a6000,0
fire_engine_toy_red_yellow_s,fire_engine_toy_red_yellow_s/wild_set/images/029.jpg,estimation,train,3024,4032,pixel_4a,0
fire_engine_toy_red_yellow_s,fire_engine_toy_red_yellow_s/wild_set/images/030.jpg,correspondence,train,3024,4032,pixel_4a,0
fire_engine_toy_red_yellow_s,fire_engine_toy_red_yellow_s/wild_set/images/031.jpg,correspondence,val,4000,6000,sony_a6000,0
fire_engine_toy_red_yellow_s,fire_engine_toy_red_yellow_s/wild_set/images/032.jpg,correspondence,train,3024,4032,pixel_4a,0
fire_engine_toy_red_yellow_s,fire_engine_toy_red_yellow_s/wild_set/images/033.jpg,correspondence,train,3024,4032,pixel_4a,0
fire_engine_toy_red_yellow_s,fire_engine_toy_red_yellow_s/wild_set/images/034.jpg,estimation,val,3024,4032,pixel_4a,0
fire_engine_toy_red_yellow_s,fire_engine_toy_red_yellow_s/wild_set/images/035.jpg,correspondence,train,3024,4032,iphone_7plus,0
fire_engine_toy_red_yellow_s,fire_engine_toy_red_yellow_s/wild_set/images/036.jpg,estimation,train,3024,4032,pixel_4a,0
fire_engine_toy_red_yellow_s,fire_engine_toy_red_yellow_s/wild_set/images/037.jpg,estimation,train,3024,4032,pixel_4a,0
fire_engine_toy_red_yellow_s,fire_engine_toy_red_yellow_s/wild_set/images/038.jpg,estimation,train,3024,4032,iphone_7plus,0
fire_engine_toy_red_yellow_s,fire_engine_toy_red_yellow_s/wild_set/images/039.jpg,estimation,train,3024,4032,pixel_4a,0
fire_engine_toy_red_yellow_s,fire_engine_toy_red_yellow_s/wild_set/images/040.jpg,correspondence,train,3024,4032,pixel_4a,0
fire_engine_toy_red_yellow_s,fire_engine_toy_red_yellow_s/wild_set/images/041.jpg,correspondence,val,3024,4032,pixel_4a,0
fire_engine_toy_red_yellow_s,fire_engine_toy_red_yellow_s/wild_set/images/042.jpg,correspondence,train,4000,6000,sony_a6000,0
fire_engine_toy_red_yellow_s,fire_engine_toy_red_yellow_s/wild_set/images/043.jpg,estimation,train,3024,4032,pixel_4a,0
fire_engine_toy_red_yellow_s,fire_engine_toy_red_yellow_s/wild_set/images/044.jpg,correspondence,train,3024,4032,pixel_4a,0
fire_engine_toy_red_yellow_s,fire_engine_toy_red_yellow_s/wild_set/images/045.jpg,estimation,train,3024,4032,iphone_7plus,0
fire_engine_toy_red_yellow_s,fire_engine_toy_red_yellow_s/wild_set/images/046.jpg,correspondence,train,3024,4032,pixel_4a,0
fire_engine_toy_red_yellow_s,fire_engine_toy_red_yellow_s/wild_set/images/047.jpg,correspondence,train,3024,4032,iphone_7plus,0
fire_engine_toy_red_yellow_s,fire_engine_toy_red_yellow_s/wild_set/images/048.jpg,estimation,train,3024,4032,pixel_4a,0
fire_engine_toy_red_yellow_s,fire_engine_toy_red_yellow_s/wild_set/images/049.jpg,correspondence,train,3024,4032,pixel_4a,0
fire_engine_toy_red_yellow_s,fire_engine_toy_red_yellow_s/wild_set/images/050.jpg,estimation,train,3024,4032,pixel_4a,0
fire_engine_toy_red_yellow_s,fire_engine_toy_red_yellow_s/wild_set/images/051.jpg,correspondence,val,3024,4032,pixel_4a,0
fire_engine_toy_red_yellow_s,fire_engine_toy_red_yellow_s/wild_set/images/052.jpg,correspondence,train,3024,4032,iphone_7plus,0
fire_engine_toy_red_yellow_s,fire_engine_toy_red_yellow_s/wild_set/images/053.jpg,correspondence,train,4000,6000,sony_a6000,0
fire_engine_toy_red_yellow_s,fire_engine_toy_red_yellow_s/wild_set/images/054.jpg,correspondence,train,3024,4032,pixel_4a,0
fire_engine_toy_red_yellow_s,fire_engine_toy_red_yellow_s/wild_set/images/055.jpg,estimation,train,3024,4032,iphone_7plus,0
fire_engine_toy_red_yellow_s,fire_engine_toy_red_yellow_s/wild_set/images/056.jpg,estimation,train,4000,6000,sony_a6000,0
fire_engine_toy_red_yellow_s,fire_engine_toy_red_yellow_s/wild_set/images/057.jpg,correspondence,train,3024,4032,pixel_4a,0
fire_engine_toy_red_yellow_s,fire_engine_toy_red_yellow_s/wild_set/images/058.jpg,estimation,train,3024,4032,iphone_7plus,0
fire_engine_toy_red_yellow_s,fire_engine_toy_red_yellow_s/wild_set/images/059.jpg,estimation,train,3024,4032,pixel_4a,0
fire_engine_toy_red_yellow_s,fire_engine_toy_red_yellow_s/wild_set/images/060.jpg,correspondence,train,3024,4032,iphone_7plus,0
fire_engine_toy_red_yellow_s,fire_engine_toy_red_yellow_s/wild_set/images/061.jpg,estimation,val,3024,4032,pixel_4a,0
fire_engine_toy_red_yellow_s,fire_engine_toy_red_yellow_s/wild_set/images/062.jpg,estimation,train,4000,6000,sony_a6000,0
fire_engine_toy_red_yellow_s,fire_engine_toy_red_yellow_s/wild_set/images/063.jpg,estimation,val,3024,4032,iphone_7plus,0
fire_engine_toy_red_yellow_s,fire_engine_toy_red_yellow_s/wild_set/images/064.jpg,correspondence,train,3024,4032,pixel_4a,0
fire_engine_toy_red_yellow_s,fire_engine_toy_red_yellow_s/wild_set/images/065.jpg,correspondence,val,3024,4032,pixel_4a,0
fire_engine_toy_red_yellow_s,fire_engine_toy_red_yellow_s/wild_set/images/066.jpg,correspondence,val,3024,4032,pixel_4a,0
fire_engine_toy_red_yellow_s,fire_engine_toy_red_yellow_s/wild_set/images/067.jpg,estimation,train,3024,4032,pixel_4a,0
fire_engine_toy_red_yellow_s,fire_engine_toy_red_yellow_s/wild_set/images/068.jpg,estimation,train,3024,4032,pixel_4a,0
fire_engine_toy_red_yellow_s,fire_engine_toy_red_yellow_s/wild_set/images/069.jpg,estimation,train,3024,4032,pixel_4a,0
fire_engine_toy_red_yellow_s,fire_engine_toy_red_yellow_s/wild_set/images/070.jpg,estimation,val,3024,4032,iphone_7plus,0
fire_engine_toy_red_yellow_s,fire_engine_toy_red_yellow_s/wild_set/images/071.jpg,estimation,train,3024,4032,pixel_4a,0
fire_engine_toy_red_yellow_s,fire_engine_toy_red_yellow_s/wild_set/images/072.jpg,estimation,train,3024,4032,pixel_4a,0
fire_engine_toy_red_yellow_s,fire_engine_toy_red_yellow_s/wild_set/images/073.jpg,estimation,train,3024,4032,pixel_4a,0
fire_engine_toy_red_yellow_s,fire_engine_toy_red_yellow_s/wild_set/images/074.jpg,estimation,val,4000,6000,sony_a6000,0
fire_engine_toy_red_yellow_s,fire_engine_toy_red_yellow_s/wild_set/images/075.jpg,estimation,train,3024,4032,pixel_4a,0
fire_engine_toy_red_yellow_s,fire_engine_toy_red_yellow_s/wild_set/images/076.jpg,correspondence,train,3024,4032,pixel_4a,0
fire_engine_toy_red_yellow_s,fire_engine_toy_red_yellow_s/wild_set/images/077.jpg,estimation,train,3024,4032,pixel_4a,0
fire_engine_toy_red_yellow_s,fire_engine_toy_red_yellow_s/wild_set/images/078.jpg,estimation,train,3024,4032,pixel_4a,0
fire_engine_toy_red_yellow_s,fire_engine_toy_red_yellow_s/wild_set/images/079.jpg,correspondence,val,3024,4032,pixel_4a,0
garbage_truck_green_toy_s,garbage_truck_green_toy_s/wild_set/images/000.jpg,estimation,train,3024,4032,pixel_4a,0
garbage_truck_green_toy_s,garbage_truck_green_toy_s/wild_set/images/001.jpg,estimation,train,3024,4032,pixel_4a,0
garbage_truck_green_toy_s,garbage_truck_green_toy_s/wild_set/images/002.jpg,estimation,val,3024,4032,pixel_4a,0
garbage_truck_green_toy_s,garbage_truck_green_toy_s/wild_set/images/003.jpg,estimation,train,3024,4032,pixel_4a,0
garbage_truck_green_toy_s,garbage_truck_green_toy_s/wild_set/images/004.jpg,estimation,val,3024,4032,pixel_4a,0
garbage_truck_green_toy_s,garbage_truck_green_toy_s/wild_set/images/005.jpg,correspondence,val,3024,4032,pixel_4a,0
garbage_truck_green_toy_s,garbage_truck_green_toy_s/wild_set/images/006.jpg,correspondence,train,3024,4032,pixel_4a,0
garbage_truck_green_toy_s,garbage_truck_green_toy_s/wild_set/images/007.jpg,estimation,train,3024,4032,pixel_4a,0
garbage_truck_green_toy_s,garbage_truck_green_toy_s/wild_set/images/008.jpg,correspondence,train,3024,4032,pixel_4a,0
garbage_truck_green_toy_s,garbage_truck_green_toy_s/wild_set/images/009.jpg,correspondence,train,3024,4032,pixel_4a,0
garbage_truck_green_toy_s,garbage_truck_green_toy_s/wild_set/images/010.jpg,correspondence,train,3024,4032,pixel_4a,0
garbage_truck_green_toy_s,garbage_truck_green_toy_s/wild_set/images/011.jpg,estimation,train,3024,4032,pixel_4a,0
garbage_truck_green_toy_s,garbage_truck_green_toy_s/wild_set/images/012.jpg,correspondence,train,4000,6000,sony_a6000,0
garbage_truck_green_toy_s,garbage_truck_green_toy_s/wild_set/images/013.jpg,correspondence,train,3024,4032,pixel_4a,0
garbage_truck_green_toy_s,garbage_truck_green_toy_s/wild_set/images/014.jpg,estimation,val,3024,4032,pixel_4a,0
garbage_truck_green_toy_s,garbage_truck_green_toy_s/wild_set/images/015.jpg,correspondence,train,3024,4032,pixel_4a,0
garbage_truck_green_toy_s,garbage_truck_green_toy_s/wild_set/images/016.jpg,estimation,train,4000,6000,sony_a6000,0
garbage_truck_green_toy_s,garbage_truck_green_toy_s/wild_set/images/017.jpg,estimation,train,3024,4032,pixel_4a,0
garbage_truck_green_toy_s,garbage_truck_green_toy_s/wild_set/images/018.jpg,estimation,train,4000,6000,sony_a6000,0
garbage_truck_green_toy_s,garbage_truck_green_toy_s/wild_set/images/019.jpg,estimation,train,3024,4032,pixel_4a,0
garbage_truck_green_toy_s,garbage_truck_green_toy_s/wild_set/images/020.jpg,correspondence,val,3024,4032,pixel_4a,0
garbage_truck_green_toy_s,garbage_truck_green_toy_s/wild_set/images/021.jpg,estimation,train,3024,4032,pixel_4a,0
garbage_truck_green_toy_s,garbage_truck_green_toy_s/wild_set/images/022.jpg,correspondence,val,3024,4032,pixel_4a,0
garbage_truck_green_toy_s,garbage_truck_green_toy_s/wild_set/images/023.jpg,estimation,train,4032,3024,pixel_4a,0
garbage_truck_green_toy_s,garbage_truck_green_toy_s/wild_set/images/024.jpg,estimation,val,3024,4032,pixel_4a,0
garbage_truck_green_toy_s,garbage_truck_green_toy_s/wild_set/images/025.jpg,estimation,train,3024,4032,iphone_7plus,0
garbage_truck_green_toy_s,garbage_truck_green_toy_s/wild_set/images/026.jpg,estimation,train,3024,4032,pixel_4a,0
garbage_truck_green_toy_s,garbage_truck_green_toy_s/wild_set/images/027.jpg,correspondence,train,3024,4032,pixel_4a,0
garbage_truck_green_toy_s,garbage_truck_green_toy_s/wild_set/images/028.jpg,estimation,train,4000,6000,sony_a6000,0
garbage_truck_green_toy_s,garbage_truck_green_toy_s/wild_set/images/029.jpg,estimation,train,3024,4032,pixel_4a,0
garbage_truck_green_toy_s,garbage_truck_green_toy_s/wild_set/images/030.jpg,correspondence,train,3024,4032,pixel_4a,0
garbage_truck_green_toy_s,garbage_truck_green_toy_s/wild_set/images/031.jpg,correspondence,train,4000,6000,sony_a6000,0
garbage_truck_green_toy_s,garbage_truck_green_toy_s/wild_set/images/032.jpg,estimation,train,3024,4032,pixel_4a,0
garbage_truck_green_toy_s,garbage_truck_green_toy_s/wild_set/images/033.jpg,correspondence,train,3024,4032,pixel_4a,0
garbage_truck_green_toy_s,garbage_truck_green_toy_s/wild_set/images/034.jpg,estimation,train,3024,4032,pixel_4a,0
garbage_truck_green_toy_s,garbage_truck_green_toy_s/wild_set/images/035.jpg,estimation,train,3024,4032,iphone_7plus,0
garbage_truck_green_toy_s,garbage_truck_green_toy_s/wild_set/images/036.jpg,estimation,train,3024,4032,pixel_4a,0
garbage_truck_green_toy_s,garbage_truck_green_toy_s/wild_set/images/037.jpg,correspondence,val,3024,4032,pixel_4a,0
garbage_truck_green_toy_s,garbage_truck_green_toy_s/wild_set/images/038.jpg,correspondence,train,3024,4032,iphone_7plus,0
garbage_truck_green_toy_s,garbage_truck_green_toy_s/wild_set/images/039.jpg,estimation,train,3024,4032,pixel_4a,0
garbage_truck_green_toy_s,garbage_truck_green_toy_s/wild_set/images/040.jpg,estimation,train,3024,4032,pixel_4a,0
garbage_truck_green_toy_s,garbage_truck_green_toy_s/wild_set/images/041.jpg,estimation,train,3024,4032,pixel_4a,0
garbage_truck_green_toy_s,garbage_truck_green_toy_s/wild_set/images/042.jpg,correspondence,train,4000,6000,sony_a6000,0
garbage_truck_green_toy_s,garbage_truck_green_toy_s/wild_set/images/043.jpg,correspondence,train,3024,4032,pixel_4a,0
garbage_truck_green_toy_s,garbage_truck_green_toy_s/wild_set/images/044.jpg,correspondence,val,3024,4032,pixel_4a,0
garbage_truck_green_toy_s,garbage_truck_green_toy_s/wild_set/images/045.jpg,correspondence,train,3024,4032,iphone_7plus,0
garbage_truck_green_toy_s,garbage_truck_green_toy_s/wild_set/images/046.jpg,estimation,train,3024,4032,pixel_4a,0
garbage_truck_green_toy_s,garbage_truck_green_toy_s/wild_set/images/047.jpg,estimation,train,3024,4032,iphone_7plus,0
garbage_truck_green_toy_s,garbage_truck_green_toy_s/wild_set/images/048.jpg,correspondence,train,3024,4032,pixel_4a,0
garbage_truck_green_toy_s,garbage_truck_green_toy_s/wild_set/images/049.jpg,estimation,train,3024,4032,pixel_4a,0
garbage_truck_green_toy_s,garbage_truck_green_toy_s/wild_set/images/050.jpg,correspondence,train,4032,3024,pixel_4a,0
garbage_truck_green_toy_s,garbage_truck_green_toy_s/wild_set/images/051.jpg,correspondence,train,3024,4032,iphone_7plus,0
garbage_truck_green_toy_s,garbage_truck_green_toy_s/wild_set/images/052.jpg,estimation,val,4000,6000,sony_a6000,0
garbage_truck_green_toy_s,garbage_truck_green_toy_s/wild_set/images/053.jpg,estimation,train,3024,4032,pixel_4a,0
garbage_truck_green_toy_s,garbage_truck_green_toy_s/wild_set/images/054.jpg,estimation,train,3024,4032,iphone_7plus,0
garbage_truck_green_toy_s,garbage_truck_green_toy_s/wild_set/images/055.jpg,correspondence,val,4000,6000,sony_a6000,0
garbage_truck_green_toy_s,garbage_truck_green_toy_s/wild_set/images/056.jpg,correspondence,train,3024,4032,pixel_4a,0
garbage_truck_green_toy_s,garbage_truck_green_toy_s/wild_set/images/057.jpg,correspondence,val,3024,4032,iphone_7plus,0
garbage_truck_green_toy_s,garbage_truck_green_toy_s/wild_set/images/058.jpg,correspondence,train,3024,4032,pixel_4a,0
garbage_truck_green_toy_s,garbage_truck_green_toy_s/wild_set/images/059.jpg,estimation,train,3024,4032,pixel_4a,0
garbage_truck_green_toy_s,garbage_truck_green_toy_s/wild_set/images/060.jpg,estimation,val,3024,4032,pixel_4a,0
garbage_truck_green_toy_s,garbage_truck_green_toy_s/wild_set/images/061.jpg,correspondence,train,4000,6000,sony_a6000,0
garbage_truck_green_toy_s,garbage_truck_green_toy_s/wild_set/images/062.jpg,correspondence,train,3024,4032,iphone_7plus,0
garbage_truck_green_toy_s,garbage_truck_green_toy_s/wild_set/images/063.jpg,correspondence,train,3024,4032,pixel_4a,0
garbage_truck_green_toy_s,garbage_truck_green_toy_s/wild_set/images/064.jpg,correspondence,train,3024,4032,pixel_4a,0
garbage_truck_green_toy_s,garbage_truck_green_toy_s/wild_set/images/065.jpg,correspondence,train,3024,4032,pixel_4a,0
garbage_truck_green_toy_s,garbage_truck_green_toy_s/wild_set/images/066.jpg,correspondence,train,3024,4032,pixel_4a,0
garbage_truck_green_toy_s,garbage_truck_green_toy_s/wild_set/images/067.jpg,estimation,val,3024,4032,pixel_4a,0
garbage_truck_green_toy_s,garbage_truck_green_toy_s/wild_set/images/068.jpg,estimation,train,3024,4032,pixel_4a,0
garbage_truck_green_toy_s,garbage_truck_green_toy_s/wild_set/images/069.jpg,estimation,train,3024,4032,iphone_7plus,0
garbage_truck_green_toy_s,garbage_truck_green_toy_s/wild_set/images/070.jpg,correspondence,train,3024,4032,pixel_4a,0
garbage_truck_green_toy_s,garbage_truck_green_toy_s/wild_set/images/071.jpg,estimation,train,3024,4032,pixel_4a,0
garbage_truck_green_toy_s,garbage_truck_green_toy_s/wild_set/images/072.jpg,estimation,train,3024,4032,pixel_4a,0
garbage_truck_green_toy_s,garbage_truck_green_toy_s/wild_set/images/073.jpg,estimation,val,4000,6000,sony_a6000,0
garbage_truck_green_toy_s,garbage_truck_green_toy_s/wild_set/images/074.jpg,correspondence,train,3024,4032,pixel_4a,0
garbage_truck_green_toy_s,garbage_truck_green_toy_s/wild_set/images/075.jpg,correspondence,train,3024,4032,pixel_4a,0
garbage_truck_green_toy_s,garbage_truck_green_toy_s/wild_set/images/076.jpg,correspondence,val,3024,4032,pixel_4a,0
garbage_truck_green_toy_s,garbage_truck_green_toy_s/wild_set/images/077.jpg,correspondence,train,3024,4032,pixel_4a,0
garbage_truck_green_toy_s,garbage_truck_green_toy_s/wild_set/images/078.jpg,correspondence,train,3024,4032,pixel_4a,0
hand_drill_cordless_blue_black,hand_drill_cordless_blue_black/wild_set/images/000.jpg,estimation,val,3024,4032,pixel_4a,0
hand_drill_cordless_blue_black,hand_drill_cordless_blue_black/wild_set/images/001.jpg,estimation,train,3024,4032,pixel_4a,0
hand_drill_cordless_blue_black,hand_drill_cordless_blue_black/wild_set/images/002.jpg,estimation,train,3024,4032,pixel_4a,0
hand_drill_cordless_blue_black,hand_drill_cordless_blue_black/wild_set/images/003.jpg,correspondence,train,3024,4032,pixel_4a,0
hand_drill_cordless_blue_black,hand_drill_cordless_blue_black/wild_set/images/004.jpg,correspondence,train,3024,4032,pixel_4a,0
hand_drill_cordless_blue_black,hand_drill_cordless_blue_black/wild_set/images/005.jpg,estimation,train,3024,4032,pixel_4a,0
hand_drill_cordless_blue_black,hand_drill_cordless_blue_black/wild_set/images/006.jpg,estimation,train,3024,4032,pixel_4a,0
hand_drill_cordless_blue_black,hand_drill_cordless_blue_black/wild_set/images/007.jpg,correspondence,train,3024,4032,pixel_4a,0
hand_drill_cordless_blue_black,hand_drill_cordless_blue_black/wild_set/images/008.jpg,correspondence,train,3024,4032,pixel_4a,0
hand_drill_cordless_blue_black,hand_drill_cordless_blue_black/wild_set/images/009.jpg,estimation,train,3024,4032,pixel_4a,0
hand_drill_cordless_blue_black,hand_drill_cordless_blue_black/wild_set/images/010.jpg,estimation,train,3024,4032,pixel_4a,0
hand_drill_cordless_blue_black,hand_drill_cordless_blue_black/wild_set/images/011.jpg,correspondence,val,3024,4032,pixel_4a,0
hand_drill_cordless_blue_black,hand_drill_cordless_blue_black/wild_set/images/012.jpg,correspondence,train,4000,6000,sony_a6000,0
hand_drill_cordless_blue_black,hand_drill_cordless_blue_black/wild_set/images/013.jpg,correspondence,train,3024,4032,pixel_4a,0
hand_drill_cordless_blue_black,hand_drill_cordless_blue_black/wild_set/images/014.jpg,correspondence,train,3024,4032,pixel_4a,0
hand_drill_cordless_blue_black,hand_drill_cordless_blue_black/wild_set/images/015.jpg,correspondence,train,3024,4032,pixel_4a,0
hand_drill_cordless_blue_black,hand_drill_cordless_blue_black/wild_set/images/016.jpg,estimation,train,4000,6000,sony_a6000,0
hand_drill_cordless_blue_black,hand_drill_cordless_blue_black/wild_set/images/017.jpg,correspondence,train,3024,4032,pixel_4a,0
hand_drill_cordless_blue_black,hand_drill_cordless_blue_black/wild_set/images/018.jpg,estimation,train,4000,6000,sony_a6000,0
hand_drill_cordless_blue_black,hand_drill_cordless_blue_black/wild_set/images/019.jpg,estimation,train,3024,4032,pixel_4a,0
hand_drill_cordless_blue_black,hand_drill_cordless_blue_black/wild_set/images/020.jpg,estimation,train,3024,4032,pixel_4a,0
hand_drill_cordless_blue_black,hand_drill_cordless_blue_black/wild_set/images/021.jpg,correspondence,train,3024,4032,pixel_4a,0
hand_drill_cordless_blue_black,hand_drill_cordless_blue_black/wild_set/images/022.jpg,estimation,train,3024,4032,pixel_4a,0
hand_drill_cordless_blue_black,hand_drill_cordless_blue_black/wild_set/images/023.jpg,estimation,train,3024,4032,pixel_4a,0
hand_drill_cordless_blue_black,hand_drill_cordless_blue_black/wild_set/images/024.jpg,correspondence,train,3024,4032,pixel_4a,0
hand_drill_cordless_blue_black,hand_drill_cordless_blue_black/wild_set/images/025.jpg,correspondence,train,3024,4032,iphone_7plus,0
hand_drill_cordless_blue_black,hand_drill_cordless_blue_black/wild_set/images/026.jpg,estimation,train,3024,4032,pixel_4a,0
hand_drill_cordless_blue_black,hand_drill_cordless_blue_black/wild_set/images/027.jpg,correspondence,val,3024,4032,pixel_4a,0
hand_drill_cordless_blue_black,hand_drill_cordless_blue_black/wild_set/images/028.jpg,correspondence,val,4000,6000,sony_a6000,0
hand_drill_cordless_blue_black,hand_drill_cordless_blue_black/wild_set/images/029.jpg,correspondence,train,3024,4032,pixel_4a,0
hand_drill_cordless_blue_black,hand_drill_cordless_blue_black/wild_set/images/030.jpg,estimation,train,3024,4032,pixel_4a,0
hand_drill_cordless_blue_black,hand_drill_cordless_blue_black/wild_set/images/031.jpg,estimation,train,4000,6000,sony_a6000,0
hand_drill_cordless_blue_black,hand_drill_cordless_blue_black/wild_set/images/032.jpg,correspondence,train,3024,4032,pixel_4a,0
hand_drill_cordless_blue_black,hand_drill_cordless_blue_black/wild_set/images/033.jpg,estimation,train,3024,4032,pixel_4a,0
hand_drill_cordless_blue_black,hand_drill_cordless_blue_black/wild_set/images/034.jpg,correspondence,train,3024,4032,pixel_4a,0
hand_drill_cordless_blue_black,hand_drill_cordless_blue_black/wild_set/images/035.jpg,correspondence,train,3024,4032,iphone_7plus,0
hand_drill_cordless_blue_black,hand_drill_cordless_blue_black/wild_set/images/036.jpg,correspondence,train,3024,4032,pixel_4a,0
hand_drill_cordless_blue_black,hand_drill_cordless_blue_black/wild_set/images/037.jpg,estimation,train,3024,4032,pixel_4a,0
hand_drill_cordless_blue_black,hand_drill_cordless_blue_black/wild_set/images/038.jpg,estimation,train,3024,4032,iphone_7plus,0
hand_drill_cordless_blue_black,hand_drill_cordless_blue_black/wild_set/images/039.jpg,estimation,val,3024,4032,pixel_4a,0
hand_drill_cordless_blue_black,hand_drill_cordless_blue_black/wild_set/images/040.jpg,correspondence,train,3024,4032,pixel_4a,0
hand_drill_cordless_blue_black,hand_drill_cordless_blue_black/wild_set/images/041.jpg,correspondence,train,3024,4032,pixel_4a,0
hand_drill_cordless_blue_black,hand_drill_cordless_blue_black/wild_set/images/042.jpg,correspondence,train,4000,6000,sony_a6000,0
hand_drill_cordless_blue_black,hand_drill_cordless_blue_black/wild_set/images/043.jpg,correspondence,train,3024,4032,pixel_4a,0
hand_drill_cordless_blue_black,hand_drill_cordless_blue_black/wild_set/images/044.jpg,estimation,train,3024,4032,pixel_4a,0
hand_drill_cordless_blue_black,hand_drill_cordless_blue_black/wild_set/images/045.jpg,correspondence,train,3024,4032,iphone_7plus,0
hand_drill_cordless_blue_black,hand_drill_cordless_blue_black/wild_set/images/046.jpg,correspondence,train,3024,4032,pixel_4a,0
hand_drill_cordless_blue_black,hand_drill_cordless_blue_black/wild_set/images/047.jpg,estimation,train,3024,4032,iphone_7plus,0
hand_drill_cordless_blue_black,hand_drill_cordless_blue_black/wild_set/images/048.jpg,estimation,train,3024,4032,pixel_4a,0
hand_drill_cordless_blue_black,hand_drill_cordless_blue_black/wild_set/images/049.jpg,estimation,val,3024,4032,pixel_4a,0
hand_drill_cordless_blue_black,hand_drill_cordless_blue_black/wild_set/images/050.jpg,correspondence,train,3024,4032,pixel_4a,0
hand_drill_cordless_blue_black,hand_drill_cordless_blue_black/wild_set/images/051.jpg,estimation,val,3024,4032,iphone_7plus,0
hand_drill_cordless_blue_black,hand_drill_cordless_blue_black/wild_set/images/052.jpg,correspondence,train,4000,6000,sony_a6000,0
hand_drill_cordless_blue_black,hand_drill_cordless_blue_black/wild_set/images/053.jpg,estimation,val,3024,4032,pixel_4a,0
hand_drill_cordless_blue_black,hand_drill_cordless_blue_black/wild_set/images/054.jpg,estimation,train,3024,4032,iphone_7plus,0
hand_drill_cordless_blue_black,hand_drill_cordless_blue_black/wild_set/images/055.jpg,estimation,train,4000,6000,sony_a6000,0
hand_drill_cordless_blue_black,hand_drill_cordless_blue_black/wild_set/images/056.jpg,estimation,train,3024,4032,pixel_4a,0
hand_drill_cordless_blue_black,hand_drill_cordless_blue_black/wild_set/images/057.jpg,correspondence,train,3024,4032,iphone_7plus,0
hand_drill_cordless_blue_black,hand_drill_cordless_blue_black/wild_set/images/058.jpg,estimation,val,3024,4032,pixel_4a,0
hand_drill_cordless_blue_black,hand_drill_cordless_blue_black/wild_set/images/059.jpg,estimation,val,3024,4032,iphone_7plus,0
hand_drill_cordless_blue_black,hand_drill_cordless_blue_black/wild_set/images/060.jpg,estimation,train,3024,4032,pixel_4a,0
hand_drill_cordless_blue_black,hand_drill_cordless_blue_black/wild_set/images/061.jpg,correspondence,train,4000,6000,sony_a6000,0
hand_drill_cordless_blue_black,hand_drill_cordless_blue_black/wild_set/images/062.jpg,correspondence,train,3024,4032,iphone_7plus,0
hand_drill_cordless_blue_black,hand_drill_cordless_blue_black/wild_set/images/063.jpg,correspondence,train,3024,4032,pixel_4a,0
hand_drill_cordless_blue_black,hand_drill_cordless_blue_black/wild_set/images/064.jpg,estimation,val,3024,4032,pixel_4a,0
hand_drill_cordless_blue_black,hand_drill_cordless_blue_black/wild_set/images/065.jpg,correspondence,val,3024,4032,pixel_4a,0
hand_drill_cordless_blue_black,hand_drill_cordless_blue_black/wild_set/images/066.jpg,correspondence,val,3024,4032,pixel_4a,0
hand_drill_cordless_blue_black,hand_drill_cordless_blue_black/wild_set/images/067.jpg,correspondence,train,3024,4032,pixel_4a,0
hand_drill_cordless_blue_black,hand_drill_cordless_blue_black/wild_set/images/068.jpg,correspondence,train,3024,4032,pixel_4a,0
hand_drill_cordless_blue_black,hand_drill_cordless_blue_black/wild_set/images/069.jpg,correspondence,val,3024,4032,iphone_7plus,0
hand_drill_cordless_blue_black,hand_drill_cordless_blue_black/wild_set/images/070.jpg,estimation,train,3024,4032,pixel_4a,0
hand_drill_cordless_blue_black,hand_drill_cordless_blue_black/wild_set/images/071.jpg,estimation,train,3024,4032,pixel_4a,0
hand_drill_cordless_blue_black,hand_drill_cordless_blue_black/wild_set/images/072.jpg,estimation,train,4000,6000,sony_a6000,0
hand_drill_cordless_blue_black,hand_drill_cordless_blue_black/wild_set/images/073.jpg,estimation,train,3024,4032,pixel_4a,0
hand_drill_cordless_blue_black,hand_drill_cordless_blue_black/wild_set/images/074.jpg,correspondence,val,3024,4032,pixel_4a,0
hand_drill_cordless_blue_black,hand_drill_cordless_blue_black/wild_set/images/075.jpg,estimation,train,3024,4032,pixel_4a,0
hand_drill_cordless_blue_black,hand_drill_cordless_blue_black/wild_set/images/076.jpg,correspondence,train,3024,4032,pixel_4a,0
hand_drill_cordless_blue_black,hand_drill_cordless_blue_black/wild_set/images/077.jpg,estimation,train,3024,4032,pixel_4a,0
hut_mushrooms_showpiece,hut_mushrooms_showpiece/wild_set/images/000.jpg,correspondence,train,3072,4080,pixel_6pro,0
hut_mushrooms_showpiece,hut_mushrooms_showpiece/wild_set/images/001.jpg,estimation,train,3024,4032,iphone_7plus,0
hut_mushrooms_showpiece,hut_mushrooms_showpiece/wild_set/images/002.jpg,correspondence,val,3024,4032,iphone_7plus,0
hut_mushrooms_showpiece,hut_mushrooms_showpiece/wild_set/images/003.jpg,correspondence,train,3024,4032,pixel_4a,0
hut_mushrooms_showpiece,hut_mushrooms_showpiece/wild_set/images/004.jpg,estimation,val,4000,6000,sony_a6000,0
hut_mushrooms_showpiece,hut_mushrooms_showpiece/wild_set/images/005.jpg,estimation,train,3072,4080,pixel_6pro,0
hut_mushrooms_showpiece,hut_mushrooms_showpiece/wild_set/images/006.jpg,correspondence,train,3024,4032,pixel_4a,0
hut_mushrooms_showpiece,hut_mushrooms_showpiece/wild_set/images/007.jpg,estimation,train,3024,4032,pixel_4a,0
hut_mushrooms_showpiece,hut_mushrooms_showpiece/wild_set/images/008.jpg,estimation,train,3072,4080,pixel_6pro,0
hut_mushrooms_showpiece,hut_mushrooms_showpiece/wild_set/images/009.jpg,correspondence,train,4000,6000,sony_a6000,0
hut_mushrooms_showpiece,hut_mushrooms_showpiece/wild_set/images/010.jpg,estimation,train,3024,4032,pixel_4a,0
hut_mushrooms_showpiece,hut_mushrooms_showpiece/wild_set/images/011.jpg,correspondence,train,3024,4032,pixel_4a,0
hut_mushrooms_showpiece,hut_mushrooms_showpiece/wild_set/images/012.jpg,correspondence,train,3072,4080,pixel_6pro,0
hut_mushrooms_showpiece,hut_mushrooms_showpiece/wild_set/images/013.jpg,correspondence,train,3024,4032,pixel_4a,0
hut_mushrooms_showpiece,hut_mushrooms_showpiece/wild_set/images/014.jpg,correspondence,train,3024,4032,iphone_7plus,0
hut_mushrooms_showpiece,hut_mushrooms_showpiece/wild_set/images/015.jpg,estimation,train,4000,6000,sony_a6000,0
hut_mushrooms_showpiece,hut_mushrooms_showpiece/wild_set/images/016.jpg,correspondence,train,3024,4032,iphone_7plus,0
hut_mushrooms_showpiece,hut_mushrooms_showpiece/wild_set/images/017.jpg,correspondence,train,3024,4032,pixel_4a,0
hut_mushrooms_showpiece,hut_mushrooms_showpiece/wild_set/images/018.jpg,estimation,val,3024,4032,pixel_4a,0
hut_mushrooms_showpiece,hut_mushrooms_showpiece/wild_set/images/019.jpg,correspondence,val,3072,4080,pixel_6pro,0
hut_mushrooms_showpiece,hut_mushrooms_showpiece/wild_set/images/020.jpg,estimation,val,3024,4032,iphone_7plus,0
hut_mushrooms_showpiece,hut_mushrooms_showpiece/wild_set/images/021.jpg,estimation,train,3024,4032,pixel_4a,0
hut_mushrooms_showpiece,hut_mushrooms_showpiece/wild_set/images/022.jpg,correspondence,train,3024,4032,pixel_4a,0
hut_mushrooms_showpiece,hut_mushrooms_showpiece/wild_set/images/023.jpg,correspondence,train,3024,4032,iphone_7plus,0
hut_mushrooms_showpiece,hut_mushrooms_showpiece/wild_set/images/024.jpg,estimation,train,3024,4032,pixel_4a,0
hut_mushrooms_showpiece,hut_mushrooms_showpiece/wild_set/images/025.jpg,correspondence,train,3072,4080,pixel_6pro,0
hut_mushrooms_showpiece,hut_mushrooms_showpiece/wild_set/images/026.jpg,estimation,train,3024,4032,pixel_4a,0
hut_mushrooms_showpiece,hut_mushrooms_showpiece/wild_set/images/027.jpg,estimation,train,4000,6000,sony_a6000,0
hut_mushrooms_showpiece,hut_mushrooms_showpiece/wild_set/images/028.jpg,estimation,train,3024,4032,iphone_7plus,0
hut_mushrooms_showpiece,hut_mushrooms_showpiece/wild_set/images/029.jpg,estimation,train,3072,4080,pixel_6pro,0
hut_mushrooms_showpiece,hut_mushrooms_showpiece/wild_set/images/030.jpg,estimation,train,4000,6000,sony_a6000,0
hut_mushrooms_showpiece,hut_mushrooms_showpiece/wild_set/images/031.jpg,estimation,train,3024,4032,iphone_7plus,0
hut_mushrooms_showpiece,hut_mushrooms_showpiece/wild_set/images/032.jpg,correspondence,train,3024,4032,pixel_4a,0
hut_mushrooms_showpiece,hut_mushrooms_showpiece/wild_set/images/033.jpg,correspondence,train,3024,4032,pixel_4a,0
hut_mushrooms_showpiece,hut_mushrooms_showpiece/wild_set/images/034.jpg,estimation,train,4000,6000,sony_a6000,0
hut_mushrooms_showpiece,hut_mushrooms_showpiece/wild_set/images/035.jpg,correspondence,train,3024,4032,iphone_7plus,0
hut_mushrooms_showpiece,hut_mushrooms_showpiece/wild_set/images/036.jpg,estimation,val,3024,4032,pixel_4a,0
hut_mushrooms_showpiece,hut_mushrooms_showpiece/wild_set/images/037.jpg,estimation,train,3072,4080,pixel_6pro,0
hut_mushrooms_showpiece,hut_mushrooms_showpiece/wild_set/images/038.jpg,correspondence,val,4000,6000,sony_a6000,0
hut_mushrooms_showpiece,hut_mushrooms_showpiece/wild_set/images/039.jpg,estimation,train,3072,4080,pixel_6pro,0
hut_mushrooms_showpiece,hut_mushrooms_showpiece/wild_set/images/040.jpg,correspondence,train,3024,4032,pixel_4a,0
hut_mushrooms_showpiece,hut_mushrooms_showpiece/wild_set/images/041.jpg,correspondence,train,3072,4080,pixel_6pro,0
hut_mushrooms_showpiece,hut_mushrooms_showpiece/wild_set/images/042.jpg,estimation,train,4032,3024,iphone_7plus,0
hut_mushrooms_showpiece,hut_mushrooms_showpiece/wild_set/images/043.jpg,correspondence,train,4000,6000,sony_a6000,0
hut_mushrooms_showpiece,hut_mushrooms_showpiece/wild_set/images/044.jpg,estimation,train,3024,4032,pixel_4a,0
hut_mushrooms_showpiece,hut_mushrooms_showpiece/wild_set/images/045.jpg,estimation,train,3024,4032,pixel_4a,0
hut_mushrooms_showpiece,hut_mushrooms_showpiece/wild_set/images/046.jpg,correspondence,val,4000,6000,sony_a6000,0
hut_mushrooms_showpiece,hut_mushrooms_showpiece/wild_set/images/047.jpg,correspondence,train,4000,6000,sony_a6000,0
hut_mushrooms_showpiece,hut_mushrooms_showpiece/wild_set/images/048.jpg,correspondence,val,3024,4032,pixel_4a,0
hut_mushrooms_showpiece,hut_mushrooms_showpiece/wild_set/images/049.jpg,estimation,val,3024,4032,pixel_4a,0
ice_cream_cart_showpiece,ice_cream_cart_showpiece/wild_set/images/000.jpg,estimation,train,3072,4080,pixel_6pro,0
ice_cream_cart_showpiece,ice_cream_cart_showpiece/wild_set/images/001.jpg,estimation,train,3024,4032,iphone_7plus,0
ice_cream_cart_showpiece,ice_cream_cart_showpiece/wild_set/images/002.jpg,correspondence,train,3024,4032,iphone_7plus,0
ice_cream_cart_showpiece,ice_cream_cart_showpiece/wild_set/images/003.jpg,correspondence,train,3024,4032,pixel_4a,0
ice_cream_cart_showpiece,ice_cream_cart_showpiece/wild_set/images/004.jpg,correspondence,train,4000,6000,sony_a6000,0
ice_cream_cart_showpiece,ice_cream_cart_showpiece/wild_set/images/005.jpg,correspondence,train,3072,4080,pixel_6pro,0
ice_cream_cart_showpiece,ice_cream_cart_showpiece/wild_set/images/006.jpg,estimation,train,3024,4032,pixel_4a,0
ice_cream_cart_showpiece,ice_cream_cart_showpiece/wild_set/images/007.jpg,correspondence,train,3024,4032,pixel_4a,0
ice_cream_cart_showpiece,ice_cream_cart_showpiece/wild_set/images/008.jpg,correspondence,train,3072,4080,pixel_6pro,0
ice_cream_cart_showpiece,ice_cream_cart_showpiece/wild_set/images/009.jpg,correspondence,train,4000,6000,sony_a6000,0
ice_cream_cart_showpiece,ice_cream_cart_showpiece/wild_set/images/010.jpg,estimation,train,3024,4032,pixel_4a,0
ice_cream_cart_showpiece,ice_cream_cart_showpiece/wild_set/images/011.jpg,correspondence,train,3024,4032,pixel_4a,0
ice_cream_cart_showpiece,ice_cream_cart_showpiece/wild_set/images/012.jpg,estimation,train,3072,4080,pixel_6pro,0
ice_cream_cart_showpiece,ice_cream_cart_showpiece/wild_set/images/013.jpg,correspondence,val,3024,4032,pixel_4a,0
ice_cream_cart_showpiece,ice_cream_cart_showpiece/wild_set/images/014.jpg,estimation,train,3024,4032,iphone_7plus,0
ice_cream_cart_showpiece,ice_cream_cart_showpiece/wild_set/images/015.jpg,estimation,train,4000,6000,sony_a6000,0
ice_cream_cart_showpiece,ice_cream_cart_showpiece/wild_set/images/016.jpg,correspondence,train,3024,4032,iphone_7plus,0
ice_cream_cart_showpiece,ice_cream_cart_showpiece/wild_set/images/017.jpg,estimation,train,3024,4032,pixel_4a,0
ice_cream_cart_showpiece,ice_cream_cart_showpiece/wild_set/images/018.jpg,estimation,train,3024,4032,pixel_4a,0
ice_cream_cart_showpiece,ice_cream_cart_showpiece/wild_set/images/019.jpg,correspondence,train,3072,4080,pixel_6pro,0
ice_cream_cart_showpiece,ice_cream_cart_showpiece/wild_set/images/020.jpg,correspondence,train,3024,4032,iphone_7plus,0
ice_cream_cart_showpiece,ice_cream_cart_showpiece/wild_set/images/021.jpg,estimation,train,3024,4032,pixel_4a,0
ice_cream_cart_showpiece,ice_cream_cart_showpiece/wild_set/images/022.jpg,correspondence,val,3024,4032,pixel_4a,0
ice_cream_cart_showpiece,ice_cream_cart_showpiece/wild_set/images/023.jpg,correspondence,val,3024,4032,iphone_7plus,0
ice_cream_cart_showpiece,ice_cream_cart_showpiece/wild_set/images/024.jpg,correspondence,train,3024,4032,pixel_4a,0
ice_cream_cart_showpiece,ice_cream_cart_showpiece/wild_set/images/025.jpg,estimation,val,3072,4080,pixel_6pro,0
ice_cream_cart_showpiece,ice_cream_cart_showpiece/wild_set/images/026.jpg,correspondence,train,3024,4032,pixel_4a,0
ice_cream_cart_showpiece,ice_cream_cart_showpiece/wild_set/images/027.jpg,estimation,train,4000,6000,sony_a6000,0
ice_cream_cart_showpiece,ice_cream_cart_showpiece/wild_set/images/028.jpg,estimation,train,3024,4032,iphone_7plus,0
ice_cream_cart_showpiece,ice_cream_cart_showpiece/wild_set/images/029.jpg,estimation,val,3072,4080,pixel_6pro,0
ice_cream_cart_showpiece,ice_cream_cart_showpiece/wild_set/images/030.jpg,estimation,train,4000,6000,sony_a6000,0
ice_cream_cart_showpiece,ice_cream_cart_showpiece/wild_set/images/031.jpg,correspondence,train,3024,4032,iphone_7plus,0
ice_cream_cart_showpiece,ice_cream_cart_showpiece/wild_set/images/032.jpg,correspondence,val,3024,4032,pixel_4a,0
ice_cream_cart_showpiece,ice_cream_cart_showpiece/wild_set/images/033.jpg,correspondence,train,3024,4032,pixel_4a,0
ice_cream_cart_showpiece,ice_cream_cart_showpiece/wild_set/images/034.jpg,correspondence,train,4000,6000,sony_a6000,0
ice_cream_cart_showpiece,ice_cream_cart_showpiece/wild_set/images/035.jpg,estimation,train,3024,4032,iphone_7plus,0
ice_cream_cart_showpiece,ice_cream_cart_showpiece/wild_set/images/036.jpg,estimation,train,3024,4032,pixel_4a,0
ice_cream_cart_showpiece,ice_cream_cart_showpiece/wild_set/images/037.jpg,correspondence,train,3072,4080,pixel_6pro,0
ice_cream_cart_showpiece,ice_cream_cart_showpiece/wild_set/images/038.jpg,correspondence,val,4000,6000,sony_a6000,0
ice_cream_cart_showpiece,ice_cream_cart_showpiece/wild_set/images/039.jpg,estimation,train,3072,4080,pixel_6pro,0
ice_cream_cart_showpiece,ice_cream_cart_showpiece/wild_set/images/040.jpg,estimation,train,3024,4032,pixel_4a,0
ice_cream_cart_showpiece,ice_cream_cart_showpiece/wild_set/images/041.jpg,correspondence,train,3072,4080,pixel_6pro,0
ice_cream_cart_showpiece,ice_cream_cart_showpiece/wild_set/images/042.jpg,estimation,val,4032,3024,iphone_7plus,0
ice_cream_cart_showpiece,ice_cream_cart_showpiece/wild_set/images/043.jpg,estimation,val,4000,6000,sony_a6000,0
ice_cream_cart_showpiece,ice_cream_cart_showpiece/wild_set/images/044.jpg,estimation,train,3024,4032,pixel_4a,0
ice_cream_cart_showpiece,ice_cream_cart_showpiece/wild_set/images/045.jpg,estimation,train,3024,4032,pixel_4a,0
ice_cream_cart_showpiece,ice_cream_cart_showpiece/wild_set/images/046.jpg,correspondence,train,4000,6000,sony_a6000,0
ice_cream_cart_showpiece,ice_cream_cart_showpiece/wild_set/images/047.jpg,estimation,val,4000,6000,sony_a6000,0
ice_cream_cart_showpiece,ice_cream_cart_showpiece/wild_set/images/048.jpg,correspondence,train,3024,4032,pixel_4a,0
ice_cream_cart_showpiece,ice_cream_cart_showpiece/wild_set/images/049.jpg,estimation,train,3024,4032,pixel_4a,0
keywest_showpiece_s,keywest_showpiece_s/wild_set/images/000.jpg,correspondence,train,3024,4032,pixel_4a,0
keywest_showpiece_s,keywest_showpiece_s/wild_set/images/001.jpg,estimation,train,3024,4032,pixel_4a,0
keywest_showpiece_s,keywest_showpiece_s/wild_set/images/002.jpg,correspondence,train,3024,4032,pixel_4a,0
keywest_showpiece_s,keywest_showpiece_s/wild_set/images/003.jpg,estimation,train,3024,4032,pixel_4a,0
keywest_showpiece_s,keywest_showpiece_s/wild_set/images/004.jpg,estimation,train,3024,4032,pixel_4a,0
keywest_showpiece_s,keywest_showpiece_s/wild_set/images/005.jpg,estimation,train,3024,4032,pixel_4a,0
keywest_showpiece_s,keywest_showpiece_s/wild_set/images/006.jpg,correspondence,train,3024,4032,pixel_4a,0
keywest_showpiece_s,keywest_showpiece_s/wild_set/images/007.jpg,estimation,train,3024,4032,pixel_4a,0
keywest_showpiece_s,keywest_showpiece_s/wild_set/images/008.jpg,correspondence,val,3024,4032,pixel_4a,0
keywest_showpiece_s,keywest_showpiece_s/wild_set/images/009.jpg,correspondence,train,3024,4032,pixel_4a,0
keywest_showpiece_s,keywest_showpiece_s/wild_set/images/010.jpg,estimation,train,3024,4032,pixel_4a,0
keywest_showpiece_s,keywest_showpiece_s/wild_set/images/011.jpg,correspondence,train,3024,4032,pixel_4a,0
keywest_showpiece_s,keywest_showpiece_s/wild_set/images/012.jpg,correspondence,train,4000,6000,sony_a6000,0
keywest_showpiece_s,keywest_showpiece_s/wild_set/images/013.jpg,estimation,train,3024,4032,pixel_4a,0
keywest_showpiece_s,keywest_showpiece_s/wild_set/images/014.jpg,correspondence,train,3024,4032,pixel_4a,0
keywest_showpiece_s,keywest_showpiece_s/wild_set/images/015.jpg,correspondence,val,3024,4032,pixel_4a,0
keywest_showpiece_s,keywest_showpiece_s/wild_set/images/016.jpg,correspondence,train,4000,6000,sony_a6000,0
keywest_showpiece_s,keywest_showpiece_s/wild_set/images/017.jpg,correspondence,train,3024,4032,pixel_4a,0
keywest_showpiece_s,keywest_showpiece_s/wild_set/images/018.jpg,estimation,train,4000,6000,sony_a6000,0
keywest_showpiece_s,keywest_showpiece_s/wild_set/images/019.jpg,estimation,train,3024,4032,pixel_4a,0
keywest_showpiece_s,keywest_showpiece_s/wild_set/images/020.jpg,correspondence,val,3024,4032,pixel_4a,0
keywest_showpiece_s,keywest_showpiece_s/wild_set/images/021.jpg,estimation,train,3024,4032,pixel_4a,0
keywest_showpiece_s,keywest_showpiece_s/wild_set/images/022.jpg,correspondence,train,3024,4032,pixel_4a,0
keywest_showpiece_s,keywest_showpiece_s/wild_set/images/023.jpg,correspondence,train,3024,4032,pixel_4a,0
keywest_showpiece_s,keywest_showpiece_s/wild_set/images/024.jpg,estimation,train,3024,4032,pixel_4a,0
keywest_showpiece_s,keywest_showpiece_s/wild_set/images/025.jpg,correspondence,train,4032,3024,iphone_7plus,0
keywest_showpiece_s,keywest_showpiece_s/wild_set/images/026.jpg,correspondence,train,3024,4032,pixel_4a,0
keywest_showpiece_s,keywest_showpiece_s/wild_set/images/027.jpg,estimation,val,3024,4032,pixel_4a,0
keywest_showpiece_s,keywest_showpiece_s/wild_set/images/028.jpg,estimation,train,4000,6000,sony_a6000,0
keywest_showpiece_s,keywest_showpiece_s/wild_set/images/029.jpg,correspondence,train,3024,4032,pixel_4a,0
keywest_showpiece_s,keywest_showpiece_s/wild_set/images/030.jpg,estimation,val,3024,4032,pixel_4a,0
keywest_showpiece_s,keywest_showpiece_s/wild_set/images/031.jpg,estimation,train,4000,6000,sony_a6000,0
keywest_showpiece_s,keywest_showpiece_s/wild_set/images/032.jpg,correspondence,train,3024,4032,pixel_4a,0
keywest_showpiece_s,keywest_showpiece_s/wild_set/images/033.jpg,correspondence,train,3024,4032,pixel_4a,0
keywest_showpiece_s,keywest_showpiece_s/wild_set/images/034.jpg,estimation,train,3024,4032,pixel_4a,0
keywest_showpiece_s,keywest_showpiece_s/wild_set/images/035.jpg,estimation,train,3024,4032,iphone_7plus,0
keywest_showpiece_s,keywest_showpiece_s/wild_set/images/036.jpg,correspondence,train,3024,4032,pixel_4a,0
keywest_showpiece_s,keywest_showpiece_s/wild_set/images/037.jpg,correspondence,train,3024,4032,pixel_4a,0
keywest_showpiece_s,keywest_showpiece_s/wild_set/images/038.jpg,estimation,val,3024,4032,iphone_7plus,0
keywest_showpiece_s,keywest_showpiece_s/wild_set/images/039.jpg,estimation,train,3024,4032,pixel_4a,0
keywest_showpiece_s,keywest_showpiece_s/wild_set/images/040.jpg,correspondence,train,3024,4032,pixel_4a,0
keywest_showpiece_s,keywest_showpiece_s/wild_set/images/041.jpg,correspondence,train,3024,4032,pixel_4a,0
keywest_showpiece_s,keywest_showpiece_s/wild_set/images/042.jpg,correspondence,val,4000,6000,sony_a6000,0
keywest_showpiece_s,keywest_showpiece_s/wild_set/images/043.jpg,correspondence,train,3024,4032,pixel_4a,0
keywest_showpiece_s,keywest_showpiece_s/wild_set/images/044.jpg,estimation,train,3024,4032,pixel_4a,0
keywest_showpiece_s,keywest_showpiece_s/wild_set/images/045.jpg,correspondence,train,3024,4032,iphone_7plus,0
keywest_showpiece_s,keywest_showpiece_s/wild_set/images/046.jpg,estimation,val,3024,4032,pixel_4a,0
keywest_showpiece_s,keywest_showpiece_s/wild_set/images/047.jpg,estimation,train,4032,3024,iphone_7plus,0
keywest_showpiece_s,keywest_showpiece_s/wild_set/images/048.jpg,correspondence,train,3024,4032,pixel_4a,0
keywest_showpiece_s,keywest_showpiece_s/wild_set/images/049.jpg,correspondence,val,3024,4032,pixel_4a,0
keywest_showpiece_s,keywest_showpiece_s/wild_set/images/050.jpg,estimation,train,3024,4032,pixel_4a,0
keywest_showpiece_s,keywest_showpiece_s/wild_set/images/051.jpg,correspondence,train,3024,4032,pixel_4a,0
keywest_showpiece_s,keywest_showpiece_s/wild_set/images/052.jpg,correspondence,train,3024,4032,iphone_7plus,0
keywest_showpiece_s,keywest_showpiece_s/wild_set/images/053.jpg,correspondence,train,4000,6000,sony_a6000,0
keywest_showpiece_s,keywest_showpiece_s/wild_set/images/054.jpg,estimation,train,3024,4032,pixel_4a,0
keywest_showpiece_s,keywest_showpiece_s/wild_set/images/055.jpg,correspondence,train,4032,3024,iphone_7plus,0
keywest_showpiece_s,keywest_showpiece_s/wild_set/images/056.jpg,estimation,train,4000,6000,sony_a6000,0
keywest_showpiece_s,keywest_showpiece_s/wild_set/images/057.jpg,estimation,train,3024,4032,pixel_4a,0
keywest_showpiece_s,keywest_showpiece_s/wild_set/images/058.jpg,estimation,train,3024,4032,iphone_7plus,0
keywest_showpiece_s,keywest_showpiece_s/wild_set/images/059.jpg,estimation,val,3024,4032,pixel_4a,0
keywest_showpiece_s,keywest_showpiece_s/wild_set/images/060.jpg,estimation,val,3024,4032,iphone_7plus,0
keywest_showpiece_s,keywest_showpiece_s/wild_set/images/061.jpg,correspondence,val,3024,4032,pixel_4a,0
keywest_showpiece_s,keywest_showpiece_s/wild_set/images/062.jpg,correspondence,train,4000,6000,sony_a6000,0
keywest_showpiece_s,keywest_showpiece_s/wild_set/images/063.jpg,estimation,val,3024,4032,iphone_7plus,0
keywest_showpiece_s,keywest_showpiece_s/wild_set/images/064.jpg,estimation,train,3024,4032,pixel_4a,0
keywest_showpiece_s,keywest_showpiece_s/wild_set/images/065.jpg,correspondence,train,3024,4032,pixel_4a,0
keywest_showpiece_s,keywest_showpiece_s/wild_set/images/066.jpg,estimation,train,3024,4032,pixel_4a,0
keywest_showpiece_s,keywest_showpiece_s/wild_set/images/067.jpg,correspondence,train,3024,4032,pixel_4a,0
keywest_showpiece_s,keywest_showpiece_s/wild_set/images/068.jpg,estimation,train,3024,4032,pixel_4a,0
keywest_showpiece_s,keywest_showpiece_s/wild_set/images/069.jpg,estimation,train,3024,4032,pixel_4a,0
keywest_showpiece_s,keywest_showpiece_s/wild_set/images/070.jpg,correspondence,val,3024,4032,iphone_7plus,0
keywest_showpiece_s,keywest_showpiece_s/wild_set/images/071.jpg,correspondence,train,3024,4032,pixel_4a,0
keywest_showpiece_s,keywest_showpiece_s/wild_set/images/072.jpg,estimation,train,3024,4032,pixel_4a,0
keywest_showpiece_s,keywest_showpiece_s/wild_set/images/073.jpg,estimation,train,3024,4032,pixel_4a,0
keywest_showpiece_s,keywest_showpiece_s/wild_set/images/074.jpg,estimation,train,4000,6000,sony_a6000,0
keywest_showpiece_s,keywest_showpiece_s/wild_set/images/075.jpg,estimation,train,3024,4032,pixel_4a,0
keywest_showpiece_s,keywest_showpiece_s/wild_set/images/076.jpg,estimation,train,3024,4032,pixel_4a,0
keywest_showpiece_s,keywest_showpiece_s/wild_set/images/077.jpg,correspondence,val,3024,4032,pixel_4a,0
keywest_showpiece_s,keywest_showpiece_s/wild_set/images/078.jpg,correspondence,train,3024,4032,pixel_4a,0
keywest_showpiece_s,keywest_showpiece_s/wild_set/images/079.jpg,estimation,val,3024,4032,pixel_4a,0
paper_weight_flowers_showpiece,paper_weight_flowers_showpiece/wild_set/images/000.jpg,estimation,train,3072,4080,pixel_6pro,0
paper_weight_flowers_showpiece,paper_weight_flowers_showpiece/wild_set/images/001.jpg,correspondence,train,4000,6000,sony_a6000,0
paper_weight_flowers_showpiece,paper_weight_flowers_showpiece/wild_set/images/002.jpg,estimation,train,3072,4080,pixel_6pro,0
paper_weight_flowers_showpiece,paper_weight_flowers_showpiece/wild_set/images/003.jpg,estimation,train,3024,4032,pixel_4a,0
paper_weight_flowers_showpiece,paper_weight_flowers_showpiece/wild_set/images/004.jpg,correspondence,train,3024,4032,pixel_4a,0
paper_weight_flowers_showpiece,paper_weight_flowers_showpiece/wild_set/images/005.jpg,correspondence,train,3024,4032,pixel_4a,0
paper_weight_flowers_showpiece,paper_weight_flowers_showpiece/wild_set/images/006.jpg,correspondence,train,3024,4032,pixel_4a,0
paper_weight_flowers_showpiece,paper_weight_flowers_showpiece/wild_set/images/007.jpg,correspondence,train,3024,4032,pixel_4a,0
paper_weight_flowers_showpiece,paper_weight_flowers_showpiece/wild_set/images/008.jpg,estimation,train,4000,6000,sony_a6000,0
paper_weight_flowers_showpiece,paper_weight_flowers_showpiece/wild_set/images/009.jpg,estimation,val,3024,4032,iphone_7plus,0
paper_weight_flowers_showpiece,paper_weight_flowers_showpiece/wild_set/images/010.jpg,estimation,val,3024,4032,iphone_7plus,0
paper_weight_flowers_showpiece,paper_weight_flowers_showpiece/wild_set/images/011.jpg,correspondence,train,3024,4032,pixel_4a,0
paper_weight_flowers_showpiece,paper_weight_flowers_showpiece/wild_set/images/012.jpg,estimation,train,3024,4032,pixel_4a,0
paper_weight_flowers_showpiece,paper_weight_flowers_showpiece/wild_set/images/013.jpg,correspondence,val,3072,4080,pixel_6pro,0
paper_weight_flowers_showpiece,paper_weight_flowers_showpiece/wild_set/images/014.jpg,estimation,train,3024,4032,pixel_4a,0
paper_weight_flowers_showpiece,paper_weight_flowers_showpiece/wild_set/images/015.jpg,correspondence,train,4000,6000,sony_a6000,0
paper_weight_flowers_showpiece,paper_weight_flowers_showpiece/wild_set/images/016.jpg,correspondence,train,3024,4032,pixel_4a,0
paper_weight_flowers_showpiece,paper_weight_flowers_showpiece/wild_set/images/017.jpg,estimation,train,3024,4032,iphone_7plus,0
paper_weight_flowers_showpiece,paper_weight_flowers_showpiece/wild_set/images/018.jpg,correspondence,train,3024,4032,iphone_7plus,0
paper_weight_flowers_showpiece,paper_weight_flowers_showpiece/wild_set/images/019.jpg,estimation,train,3072,4080,pixel_6pro,0
paper_weight_flowers_showpiece,paper_weight_flowers_showpiece/wild_set/images/020.jpg,correspondence,val,3072,4080,pixel_6pro,0
paper_weight_flowers_showpiece,paper_weight_flowers_showpiece/wild_set/images/021.jpg,correspondence,train,3024,4032,iphone_7plus,0
paper_weight_flowers_showpiece,paper_weight_flowers_showpiece/wild_set/images/022.jpg,correspondence,train,3024,4032,pixel_4a,0
paper_weight_flowers_showpiece,paper_weight_flowers_showpiece/wild_set/images/023.jpg,estimation,train,3072,4080,pixel_6pro,0
paper_weight_flowers_showpiece,paper_weight_flowers_showpiece/wild_set/images/024.jpg,correspondence,train,3024,4032,pixel_4a,0
paper_weight_flowers_showpiece,paper_weight_flowers_showpiece/wild_set/images/025.jpg,correspondence,val,4000,6000,sony_a6000,0
paper_weight_flowers_showpiece,paper_weight_flowers_showpiece/wild_set/images/026.jpg,estimation,train,3024,4032,iphone_7plus,0
paper_weight_flowers_showpiece,paper_weight_flowers_showpiece/wild_set/images/027.jpg,correspondence,train,3072,4080,pixel_6pro,0
paper_weight_flowers_showpiece,paper_weight_flowers_showpiece/wild_set/images/028.jpg,correspondence,train,4000,6000,sony_a6000,0
paper_weight_flowers_showpiece,paper_weight_flowers_showpiece/wild_set/images/029.jpg,estimation,train,3024,4032,iphone_7plus,0
paper_weight_flowers_showpiece,paper_weight_flowers_showpiece/wild_set/images/030.jpg,estimation,train,3024,4032,pixel_4a,0
paper_weight_flowers_showpiece,paper_weight_flowers_showpiece/wild_set/images/031.jpg,correspondence,train,3024,4032,iphone_7plus,0
paper_weight_flowers_showpiece,paper_weight_flowers_showpiece/wild_set/images/032.jpg,correspondence,train,3024,4032,pixel_4a,0
paper_weight_flowers_showpiece,paper_weight_flowers_showpiece/wild_set/images/033.jpg,estimation,val,4000,6000,sony_a6000,0
paper_weight_flowers_showpiece,paper_weight_flowers_showpiece/wild_set/images/034.jpg,correspondence,val,3024,4032,iphone_7plus,0
paper_weight_flowers_showpiece,paper_weight_flowers_showpiece/wild_set/images/035.jpg,estimation,val,3024,4032,pixel_4a,0
paper_weight_flowers_showpiece,paper_weight_flowers_showpiece/wild_set/images/036.jpg,correspondence,train,3072,4080,pixel_6pro,0
paper_weight_flowers_showpiece,paper_weight_flowers_showpiece/wild_set/images/037.jpg,estimation,train,4000,6000,sony_a6000,0
paper_weight_flowers_showpiece,paper_weight_flowers_showpiece/wild_set/images/038.jpg,estimation,train,3072,4080,pixel_6pro,0
paper_weight_flowers_showpiece,paper_weight_flowers_showpiece/wild_set/images/039.jpg,estimation,train,3024,4032,pixel_4a,0
paper_weight_flowers_showpiece,paper_weight_flowers_showpiece/wild_set/images/040.jpg,correspondence,train,3072,4080,pixel_6pro,0
paper_weight_flowers_showpiece,paper_weight_flowers_showpiece/wild_set/images/041.jpg,correspondence,train,4032,3024,iphone_7plus,0
paper_weight_flowers_showpiece,paper_weight_flowers_showpiece/wild_set/images/042.jpg,correspondence,train,4000,6000,sony_a6000,0
paper_weight_flowers_showpiece,paper_weight_flowers_showpiece/wild_set/images/043.jpg,estimation,train,3024,4032,pixel_4a,0
paper_weight_flowers_showpiece,paper_weight_flowers_showpiece/wild_set/images/044.jpg,estimation,train,3024,4032,pixel_4a,0
paper_weight_flowers_showpiece,paper_weight_flowers_showpiece/wild_set/images/045.jpg,estimation,train,4000,6000,sony_a6000,0
paper_weight_flowers_showpiece,paper_weight_flowers_showpiece/wild_set/images/046.jpg,estimation,train,4000,6000,sony_a6000,0
paper_weight_flowers_showpiece,paper_weight_flowers_showpiece/wild_set/images/047.jpg,estimation,val,3024,4032,pixel_4a,0
paper_weight_flowers_showpiece,paper_weight_flowers_showpiece/wild_set/images/048.jpg,correspondence,val,3024,4032,pixel_4a,0
pumpkin_showpiece_s,pumpkin_showpiece_s/wild_set/images/000.jpg,correspondence,train,3024,4032,pixel_4a,0
pumpkin_showpiece_s,pumpkin_showpiece_s/wild_set/images/001.jpg,correspondence,train,3024,4032,pixel_4a,0
pumpkin_showpiece_s,pumpkin_showpiece_s/wild_set/images/002.jpg,correspondence,train,3024,4032,pixel_4a,0
pumpkin_showpiece_s,pumpkin_showpiece_s/wild_set/images/003.jpg,estimation,train,3024,4032,pixel_4a,0
pumpkin_showpiece_s,pumpkin_showpiece_s/wild_set/images/004.jpg,correspondence,train,3024,4032,pixel_4a,0
pumpkin_showpiece_s,pumpkin_showpiece_s/wild_set/images/005.jpg,estimation,train,3024,4032,pixel_4a,0
pumpkin_showpiece_s,pumpkin_showpiece_s/wild_set/images/006.jpg,correspondence,train,3024,4032,pixel_4a,0
pumpkin_showpiece_s,pumpkin_showpiece_s/wild_set/images/007.jpg,correspondence,train,3024,4032,pixel_4a,0
pumpkin_showpiece_s,pumpkin_showpiece_s/wild_set/images/008.jpg,estimation,train,3024,4032,pixel_4a,0
pumpkin_showpiece_s,pumpkin_showpiece_s/wild_set/images/009.jpg,correspondence,train,3024,4032,pixel_4a,0
pumpkin_showpiece_s,pumpkin_showpiece_s/wild_set/images/010.jpg,correspondence,train,3024,4032,pixel_4a,0
pumpkin_showpiece_s,pumpkin_showpiece_s/wild_set/images/011.jpg,estimation,train,3024,4032,pixel_4a,0
pumpkin_showpiece_s,pumpkin_showpiece_s/wild_set/images/012.jpg,correspondence,train,4000,6000,sony_a6000,0
pumpkin_showpiece_s,pumpkin_showpiece_s/wild_set/images/013.jpg,estimation,val,3024,4032,pixel_4a,0
pumpkin_showpiece_s,pumpkin_showpiece_s/wild_set/images/014.jpg,estimation,train,3024,4032,pixel_4a,0
pumpkin_showpiece_s,pumpkin_showpiece_s/wild_set/images/015.jpg,estimation,val,3024,4032,pixel_4a,0
pumpkin_showpiece_s,pumpkin_showpiece_s/wild_set/images/016.jpg,correspondence,train,4000,6000,sony_a6000,0
pumpkin_showpiece_s,pumpkin_showpiece_s/wild_set/images/017.jpg,correspondence,train,3024,4032,pixel_4a,0
pumpkin_showpiece_s,pumpkin_showpiece_s/wild_set/images/018.jpg,estimation,val,4000,6000,sony_a6000,0
pumpkin_showpiece_s,pumpkin_showpiece_s/wild_set/images/019.jpg,estimation,train,3024,4032,pixel_4a,0
pumpkin_showpiece_s,pumpkin_showpiece_s/wild_set/images/020.jpg,estimation,train,3024,4032,pixel_4a,0
pumpkin_showpiece_s,pumpkin_showpiece_s/wild_set/images/021.jpg,estimation,train,3024,4032,pixel_4a,0
pumpkin_showpiece_s,pumpkin_showpiece_s/wild_set/images/022.jpg,estimation,train,3024,4032,pixel_4a,0
pumpkin_showpiece_s,pumpkin_showpiece_s/wild_set/images/023.jpg,estimation,val,3024,4032,pixel_4a,0
pumpkin_showpiece_s,pumpkin_showpiece_s/wild_set/images/024.jpg,correspondence,val,3024,4032,pixel_4a,0
pumpkin_showpiece_s,pumpkin_showpiece_s/wild_set/images/025.jpg,estimation,val,4032,3024,iphone_7plus,0
pumpkin_showpiece_s,pumpkin_showpiece_s/wild_set/images/026.jpg,estimation,train,3024,4032,pixel_4a,0
pumpkin_showpiece_s,pumpkin_showpiece_s/wild_set/images/027.jpg,correspondence,train,3024,4032,pixel_4a,0
pumpkin_showpiece_s,pumpkin_showpiece_s/wild_set/images/028.jpg,estimation,train,4000,6000,sony_a6000,0
pumpkin_showpiece_s,pumpkin_showpiece_s/wild_set/images/029.jpg,estimation,val,3024,4032,pixel_4a,0
pumpkin_showpiece_s,pumpkin_showpiece_s/wild_set/images/030.jpg,correspondence,train,3024,4032,pixel_4a,0
pumpkin_showpiece_s,pumpkin_showpiece_s/wild_set/images/031.jpg,estimation,train,4000,6000,sony_a6000,0
pumpkin_showpiece_s,pumpkin_showpiece_s/wild_set/images/032.jpg,estimation,train,3024,4032,pixel_4a,0
pumpkin_showpiece_s,pumpkin_showpiece_s/wild_set/images/033.jpg,estimation,train,3024,4032,pixel_4a,0
pumpkin_showpiece_s,pumpkin_showpiece_s/wild_set/images/034.jpg,correspondence,train,3024,4032,pixel_4a,0
pumpkin_showpiece_s,pumpkin_showpiece_s/wild_set/images/035.jpg,estimation,train,3024,4032,iphone_7plus,0
pumpkin_showpiece_s,pumpkin_showpiece_s/wild_set/images/036.jpg,correspondence,val,3024,4032,pixel_4a,0
pumpkin_showpiece_s,pumpkin_showpiece_s/wild_set/images/037.jpg,correspondence,train,3024,4032,pixel_4a,0
pumpkin_showpiece_s,pumpkin_showpiece_s/wild_set/images/038.jpg,estimation,train,3024,4032,iphone_7plus,0
pumpkin_showpiece_s,pumpkin_showpiece_s/wild_set/images/039.jpg,correspondence,train,3024,4032,pixel_4a,0
pumpkin_showpiece_s,pumpkin_showpiece_s/wild_set/images/040.jpg,correspondence,train,3024,4032,pixel_4a,0
pumpkin_showpiece_s,pumpkin_showpiece_s/wild_set/images/041.jpg,estimation,val,3024,4032,pixel_4a,0
pumpkin_showpiece_s,pumpkin_showpiece_s/wild_set/images/042.jpg,correspondence,train,4000,6000,sony_a6000,0
pumpkin_showpiece_s,pumpkin_showpiece_s/wild_set/images/043.jpg,estimation,train,4032,3024,pixel_4a,0
pumpkin_showpiece_s,pumpkin_showpiece_s/wild_set/images/044.jpg,estimation,train,3024,4032,pixel_4a,0
pumpkin_showpiece_s,pumpkin_showpiece_s/wild_set/images/045.jpg,correspondence,train,3024,4032,iphone_7plus,0
pumpkin_showpiece_s,pumpkin_showpiece_s/wild_set/images/046.jpg,estimation,train,3024,4032,pixel_4a,0
pumpkin_showpiece_s,pumpkin_showpiece_s/wild_set/images/047.jpg,correspondence,train,4032,3024,iphone_7plus,0
pumpkin_showpiece_s,pumpkin_showpiece_s/wild_set/images/048.jpg,estimation,train,3024,4032,pixel_4a,0
pumpkin_showpiece_s,pumpkin_showpiece_s/wild_set/images/049.jpg,estimation,train,3024,4032,pixel_4a,0
pumpkin_showpiece_s,pumpkin_showpiece_s/wild_set/images/050.jpg,correspondence,train,3024,4032,pixel_4a,0
pumpkin_showpiece_s,pumpkin_showpiece_s/wild_set/images/051.jpg,correspondence,train,3024,4032,pixel_4a,0
pumpkin_showpiece_s,pumpkin_showpiece_s/wild_set/images/052.jpg,estimation,val,3024,4032,iphone_7plus,0
pumpkin_showpiece_s,pumpkin_showpiece_s/wild_set/images/053.jpg,estimation,train,4000,6000,sony_a6000,0
pumpkin_showpiece_s,pumpkin_showpiece_s/wild_set/images/054.jpg,correspondence,train,3024,4032,pixel_4a,0
pumpkin_showpiece_s,pumpkin_showpiece_s/wild_set/images/055.jpg,correspondence,train,3024,4032,iphone_7plus,0
pumpkin_showpiece_s,pumpkin_showpiece_s/wild_set/images/056.jpg,correspondence,train,4000,6000,sony_a6000,0
pumpkin_showpiece_s,pumpkin_showpiece_s/wild_set/images/057.jpg,correspondence,val,3024,4032,pixel_4a,0
pumpkin_showpiece_s,pumpkin_showpiece_s/wild_set/images/058.jpg,correspondence,val,3024,4032,iphone_7plus,0
pumpkin_showpiece_s,pumpkin_showpiece_s/wild_set/images/059.jpg,estimation,train,3024,4032,pixel_4a,0
pumpkin_showpiece_s,pumpkin_showpiece_s/wild_set/images/060.jpg,correspondence,train,3024,4032,iphone_7plus,0
pumpkin_showpiece_s,pumpkin_showpiece_s/wild_set/images/061.jpg,correspondence,val,3024,4032,pixel_4a,0
pumpkin_showpiece_s,pumpkin_showpiece_s/wild_set/images/062.jpg,correspondence,val,4000,6000,sony_a6000,0
pumpkin_showpiece_s,pumpkin_showpiece_s/wild_set/images/063.jpg,estimation,train,3024,4032,iphone_7plus,0
pumpkin_showpiece_s,pumpkin_showpiece_s/wild_set/images/064.jpg,estimation,train,3024,4032,pixel_4a,0
pumpkin_showpiece_s,pumpkin_showpiece_s/wild_set/images/065.jpg,estimation,train,3024,4032,pixel_4a,0
pumpkin_showpiece_s,pumpkin_showpiece_s/wild_set/images/066.jpg,correspondence,train,3024,4032,pixel_4a,0
pumpkin_showpiece_s,pumpkin_showpiece_s/wild_set/images/067.jpg,correspondence,val,3024,4032,pixel_4a,0
pumpkin_showpiece_s,pumpkin_showpiece_s/wild_set/images/068.jpg,estimation,train,3024,4032,pixel_4a,0
pumpkin_showpiece_s,pumpkin_showpiece_s/wild_set/images/069.jpg,estimation,train,3024,4032,pixel_4a,0
pumpkin_showpiece_s,pumpkin_showpiece_s/wild_set/images/070.jpg,estimation,train,3024,4032,iphone_7plus,0
pumpkin_showpiece_s,pumpkin_showpiece_s/wild_set/images/071.jpg,estimation,train,3024,4032,pixel_4a,0
pumpkin_showpiece_s,pumpkin_showpiece_s/wild_set/images/072.jpg,correspondence,train,4032,3024,pixel_4a,0
pumpkin_showpiece_s,pumpkin_showpiece_s/wild_set/images/073.jpg,correspondence,train,3024,4032,pixel_4a,0
pumpkin_showpiece_s,pumpkin_showpiece_s/wild_set/images/074.jpg,estimation,train,4000,6000,sony_a6000,0
pumpkin_showpiece_s,pumpkin_showpiece_s/wild_set/images/075.jpg,correspondence,train,3024,4032,pixel_4a,0
pumpkin_showpiece_s,pumpkin_showpiece_s/wild_set/images/076.jpg,correspondence,val,3024,4032,pixel_4a,0
pumpkin_showpiece_s,pumpkin_showpiece_s/wild_set/images/077.jpg,correspondence,train,3024,4032,pixel_4a,0
pumpkin_showpiece_s,pumpkin_showpiece_s/wild_set/images/078.jpg,correspondence,train,3024,4032,pixel_4a,0
pumpkin_showpiece_s,pumpkin_showpiece_s/wild_set/images/079.jpg,estimation,train,3024,4032,pixel_4a,0
remote_control_toy_car_s,remote_control_toy_car_s/wild_set/images/000.jpg,correspondence,train,3024,4032,pixel_4a,0
remote_control_toy_car_s,remote_control_toy_car_s/wild_set/images/001.jpg,estimation,train,3024,4032,pixel_4a,0
remote_control_toy_car_s,remote_control_toy_car_s/wild_set/images/002.jpg,correspondence,train,3024,4032,pixel_4a,0
remote_control_toy_car_s,remote_control_toy_car_s/wild_set/images/003.jpg,correspondence,train,3024,4032,pixel_4a,0
remote_control_toy_car_s,remote_control_toy_car_s/wild_set/images/004.jpg,estimation,train,3024,4032,pixel_4a,0
remote_control_toy_car_s,remote_control_toy_car_s/wild_set/images/005.jpg,estimation,train,3024,4032,pixel_4a,0
remote_control_toy_car_s,remote_control_toy_car_s/wild_set/images/006.jpg,correspondence,train,3024,4032,pixel_4a,0
remote_control_toy_car_s,remote_control_toy_car_s/wild_set/images/007.jpg,estimation,train,3024,4032,pixel_4a,0
remote_control_toy_car_s,remote_control_toy_car_s/wild_set/images/008.jpg,correspondence,val,3024,4032,pixel_4a,0
remote_control_toy_car_s,remote_control_toy_car_s/wild_set/images/009.jpg,estimation,train,4000,6000,sony_a6000,0
remote_control_toy_car_s,remote_control_toy_car_s/wild_set/images/010.jpg,correspondence,train,3024,4032,pixel_4a,0
remote_control_toy_car_s,remote_control_toy_car_s/wild_set/images/011.jpg,estimation,train,3024,4032,pixel_4a,0
remote_control_toy_car_s,remote_control_toy_car_s/wild_set/images/012.jpg,correspondence,train,3024,4032,pixel_4a,0
remote_control_toy_car_s,remote_control_toy_car_s/wild_set/images/013.jpg,estimation,val,3024,4032,pixel_4a,0
remote_control_toy_car_s,remote_control_toy_car_s/wild_set/images/014.jpg,correspondence,train,3024,4032,pixel_4a,0
remote_control_toy_car_s,remote_control_toy_car_s/wild_set/images/015.jpg,estimation,train,3024,4032,pixel_4a,0
remote_control_toy_car_s,remote_control_toy_car_s/wild_set/images/016.jpg,correspondence,train,3024,4032,pixel_4a,0
remote_control_toy_car_s,remote_control_toy_car_s/wild_set/images/017.jpg,estimation,val,3024,4032,pixel_4a,0
remote_control_toy_car_s,remote_control_toy_car_s/wild_set/images/018.jpg,correspondence,train,3024,4032,pixel_4a,0
remote_control_toy_car_s,remote_control_toy_car_s/wild_set/images/019.jpg,estimation,train,3024,4032,pixel_4a,0
remote_control_toy_car_s,remote_control_toy_car_s/wild_set/images/020.jpg,correspondence,train,4000,6000,sony_a6000,0
remote_control_toy_car_s,remote_control_toy_car_s/wild_set/images/021.jpg,correspondence,train,3024,4032,pixel_4a,0
remote_control_toy_car_s,remote_control_toy_car_s/wild_set/images/022.jpg,estimation,train,3024,4032,pixel_4a,0
remote_control_toy_car_s,remote_control_toy_car_s/wild_set/images/023.jpg,correspondence,train,4000,6000,sony_a6000,0
remote_control_toy_car_s,remote_control_toy_car_s/wild_set/images/024.jpg,estimation,train,3024,4032,pixel_4a,0
remote_control_toy_car_s,remote_control_toy_car_s/wild_set/images/025.jpg,correspondence,val,3024,4032,pixel_4a,0
remote_control_toy_car_s,remote_control_toy_car_s/wild_set/images/026.jpg,correspondence,val,4000,6000,sony_a6000,0
remote_control_toy_car_s,remote_control_toy_car_s/wild_set/images/027.jpg,estimation,train,3024,4032,pixel_4a,0
remote_control_toy_car_s,remote_control_toy_car_s/wild_set/images/028.jpg,correspondence,train,3024,4032,pixel_4a,0
remote_control_toy_car_s,remote_control_toy_car_s/wild_set/images/029.jpg,estimation,val,3024,4032,iphone_7plus,0
remote_control_toy_car_s,remote_control_toy_car_s/wild_set/images/030.jpg,estimation,train,3024,4032,pixel_4a,0
remote_control_toy_car_s,remote_control_toy_car_s/wild_set/images/031.jpg,estimation,train,4000,6000,sony_a6000,0
remote_control_toy_car_s,remote_control_toy_car_s/wild_set/images/032.jpg,correspondence,val,3024,4032,pixel_4a,0
remote_control_toy_car_s,remote_control_toy_car_s/wild_set/images/033.jpg,correspondence,train,3024,4032,iphone_7plus,0
remote_control_toy_car_s,remote_control_toy_car_s/wild_set/images/034.jpg,correspondence,train,3024,4032,pixel_4a,0
remote_control_toy_car_s,remote_control_toy_car_s/wild_set/images/035.jpg,estimation,val,3024,4032,pixel_4a,0
remote_control_toy_car_s,remote_control_toy_car_s/wild_set/images/036.jpg,correspondence,train,3024,4032,pixel_4a,0
remote_control_toy_car_s,remote_control_toy_car_s/wild_set/images/037.jpg,correspondence,train,3024,4032,pixel_4a,0
remote_control_toy_car_s,remote_control_toy_car_s/wild_set/images/038.jpg,estimation,train,3024,4032,pixel_4a,0
remote_control_toy_car_s,remote_control_toy_car_s/wild_set/images/039.jpg,correspondence,train,3024,4032,iphone_7plus,0
remote_control_toy_car_s,remote_control_toy_car_s/wild_set/images/040.jpg,correspondence,train,3024,4032,pixel_4a,0
remote_control_toy_car_s,remote_control_toy_car_s/wild_set/images/041.jpg,correspondence,train,3024,4032,iphone_7plus,0
remote_control_toy_car_s,remote_control_toy_car_s/wild_set/images/042.jpg,correspondence,train,3024,4032,pixel_4a,0
remote_control_toy_car_s,remote_control_toy_car_s/wild_set/images/043.jpg,estimation,train,3024,4032,pixel_4a,0
remote_control_toy_car_s,remote_control_toy_car_s/wild_set/images/044.jpg,correspondence,val,3024,4032,pixel_4a,0
remote_control_toy_car_s,remote_control_toy_car_s/wild_set/images/045.jpg,estimation,train,4032,3024,iphone_7plus,0
remote_control_toy_car_s,remote_control_toy_car_s/wild_set/images/046.jpg,correspondence,train,4000,6000,sony_a6000,0
remote_control_toy_car_s,remote_control_toy_car_s/wild_set/images/047.jpg,estimation,train,3024,4032,iphone_7plus,0
remote_control_toy_car_s,remote_control_toy_car_s/wild_set/images/048.jpg,estimation,train,4000,6000,sony_a6000,0
remote_control_toy_car_s,remote_control_toy_car_s/wild_set/images/049.jpg,correspondence,val,4032,3024,iphone_7plus,0
remote_control_toy_car_s,remote_control_toy_car_s/wild_set/images/050.jpg,correspondence,train,3024,4032,pixel_4a,0
remote_control_toy_car_s,remote_control_toy_car_s/wild_set/images/051.jpg,estimation,train,3024,4032,pixel_4a,0
remote_control_toy_car_s,remote_control_toy_car_s/wild_set/images/052.jpg,estimation,train,4000,6000,sony_a6000,0
remote_control_toy_car_s,remote_control_toy_car_s/wild_set/images/053.jpg,estimation,train,3024,4032,iphone_7plus,0
remote_control_toy_car_s,remote_control_toy_car_s/wild_set/images/054.jpg,estimation,train,3024,4032,pixel_4a,0
remote_control_toy_car_s,remote_control_toy_car_s/wild_set/images/055.jpg,estimation,train,3024,4032,pixel_4a,0
remote_control_toy_car_s,remote_control_toy_car_s/wild_set/images/056.jpg,correspondence,train,3024,4032,iphone_7plus,0
remote_control_toy_car_s,remote_control_toy_car_s/wild_set/images/057.jpg,estimation,train,3024,4032,pixel_4a,0
remote_control_toy_car_s,remote_control_toy_car_s/wild_set/images/058.jpg,correspondence,train,3024,4032,pixel_4a,0
remote_control_toy_car_s,remote_control_toy_car_s/wild_set/images/059.jpg,correspondence,train,3024,4032,pixel_4a,0
remote_control_toy_car_s,remote_control_toy_car_s/wild_set/images/060.jpg,estimation,train,3024,4032,pixel_4a,0
remote_control_toy_car_s,remote_control_toy_car_s/wild_set/images/061.jpg,estimation,val,3024,4032,pixel_4a,0
remote_control_toy_car_s,remote_control_toy_car_s/wild_set/images/062.jpg,estimation,train,4000,6000,sony_a6000,0
remote_control_toy_car_s,remote_control_toy_car_s/wild_set/images/063.jpg,estimation,train,3024,4032,pixel_4a,0
remote_control_toy_car_s,remote_control_toy_car_s/wild_set/images/064.jpg,estimation,train,3024,4032,iphone_7plus,0
remote_control_toy_car_s,remote_control_toy_car_s/wild_set/images/065.jpg,estimation,val,3024,4032,pixel_4a,0
remote_control_toy_car_s,remote_control_toy_car_s/wild_set/images/066.jpg,correspondence,train,3024,4032,pixel_4a,0
remote_control_toy_car_s,remote_control_toy_car_s/wild_set/images/067.jpg,correspondence,val,4000,6000,sony_a6000,0
remote_control_toy_car_s,remote_control_toy_car_s/wild_set/images/068.jpg,estimation,val,3024,4032,pixel_4a,0
remote_control_toy_car_s,remote_control_toy_car_s/wild_set/images/069.jpg,estimation,train,3024,4032,pixel_4a,0
remote_control_toy_car_s,remote_control_toy_car_s/wild_set/images/070.jpg,correspondence,train,3024,4032,pixel_4a,0
remote_control_toy_car_s,remote_control_toy_car_s/wild_set/images/071.jpg,estimation,train,3024,4032,pixel_4a,0
remote_control_toy_car_s,remote_control_toy_car_s/wild_set/images/072.jpg,correspondence,train,3024,4032,pixel_4a,0
schleich_african_black_rhino,schleich_african_black_rhino/wild_set/images/000.jpg,estimation,train,3456,5184,canon_t4i,0
schleich_african_black_rhino,schleich_african_black_rhino/wild_set/images/001.jpg,correspondence,train,4032,3024,pixel_5,0
schleich_african_black_rhino,schleich_african_black_rhino/wild_set/images/002.jpg,estimation,train,3024,4032,pixel_4xl,0
schleich_african_black_rhino,schleich_african_black_rhino/wild_set/images/003.jpg,estimation,train,3024,4032,pixel_5,0
schleich_african_black_rhino,schleich_african_black_rhino/wild_set/images/004.jpg,correspondence,train,3024,4032,pixel_5,0
schleich_african_black_rhino,schleich_african_black_rhino/wild_set/images/006.jpg,correspondence,train,3456,5184,canon_t4i,0
schleich_african_black_rhino,schleich_african_black_rhino/wild_set/images/007.jpg,estimation,train,3024,4032,pixel_4xl,0
schleich_african_black_rhino,schleich_african_black_rhino/wild_set/images/008.jpg,estimation,train,3456,5184,canon_t4i,0
schleich_african_black_rhino,schleich_african_black_rhino/wild_set/images/010.jpg,estimation,train,3024,4032,ipad_4,0
schleich_african_black_rhino,schleich_african_black_rhino/wild_set/images/011.jpg,estimation,train,3024,4032,pixel_5,0
schleich_african_black_rhino,schleich_african_black_rhino/wild_set/images/012.jpg,correspondence,train,3024,4032,pixel_4xl,0
schleich_african_black_rhino,schleich_african_black_rhino/wild_set/images/013.jpg,estimation,train,3024,4032,pixel_5,0
schleich_african_black_rhino,schleich_african_black_rhino/wild_set/images/015.jpg,estimation,train,3024,4032,pixel_4xl,0
schleich_african_black_rhino,schleich_african_black_rhino/wild_set/images/016.jpg,correspondence,train,3024,4032,ipad_4,0
schleich_african_black_rhino,schleich_african_black_rhino/wild_set/images/017.jpg,estimation,train,3024,4032,pixel_5,0
schleich_african_black_rhino,schleich_african_black_rhino/wild_set/images/019.jpg,correspondence,train,3024,4032,pixel_5,0
schleich_african_black_rhino,schleich_african_black_rhino/wild_set/images/020.jpg,correspondence,train,3024,4032,pixel_4xl,0
schleich_african_black_rhino,schleich_african_black_rhino/wild_set/images/021.jpg,correspondence,train,3024,4032,pixel_5,0
schleich_african_black_rhino,schleich_african_black_rhino/wild_set/images/022.jpg,estimation,train,3024,4032,pixel_5,0
schleich_african_black_rhino,schleich_african_black_rhino/wild_set/images/023.jpg,correspondence,train,3024,4032,pixel_5,0
schleich_african_black_rhino,schleich_african_black_rhino/wild_set/images/024.jpg,correspondence,train,3024,4032,pixel_4xl,0
schleich_african_black_rhino,schleich_african_black_rhino/wild_set/images/025.jpg,estimation,train,3456,5184,canon_t4i,0
schleich_african_black_rhino,schleich_african_black_rhino/wild_set/images/026.jpg,correspondence,train,3024,4032,pixel_4xl,0
schleich_african_black_rhino,schleich_african_black_rhino/wild_set/images/027.jpg,estimation,train,3024,4032,pixel_5,0
schleich_african_black_rhino,schleich_african_black_rhino/wild_set/images/028.jpg,correspondence,train,3024,4032,pixel_5,0
schleich_african_black_rhino,schleich_african_black_rhino/wild_set/images/029.jpg,correspondence,train,3024,4032,pixel_4xl,0
schleich_african_black_rhino,schleich_african_black_rhino/wild_set/images/030.jpg,estimation,train,3024,4032,pixel_5,0
schleich_african_black_rhino,schleich_african_black_rhino/wild_set/images/031.jpg,estimation,train,3024,4032,pixel_5,0
schleich_african_black_rhino,schleich_african_black_rhino/wild_set/images/032.jpg,correspondence,train,3024,4032,pixel_5,0
schleich_african_black_rhino,schleich_african_black_rhino/wild_set/images/033.jpg,estimation,train,3024,4032,pixel_5,0
schleich_african_black_rhino,schleich_african_black_rhino/wild_set/images/034.jpg,estimation,train,3024,4032,pixel_5,0
schleich_african_black_rhino,schleich_african_black_rhino/wild_set/images/035.jpg,estimation,train,3024,4032,ipad_4_c,0
schleich_african_black_rhino,schleich_african_black_rhino/wild_set/images/037.jpg,correspondence,train,3456,5184,canon_t4i,0
schleich_african_black_rhino,schleich_african_black_rhino/wild_set/images/038.jpg,correspondence,train,3024,4032,pixel_4xl,0
schleich_african_black_rhino,schleich_african_black_rhino/wild_set/images/039.jpg,estimation,train,3456,5184,canon_t4i,0
schleich_african_black_rhino,schleich_african_black_rhino/wild_set/images/041.jpg,correspondence,train,3456,5184,canon_t4i,0
schleich_african_black_rhino,schleich_african_black_rhino/wild_set/images/043.jpg,correspondence,train,3024,4032,pixel_4xl,0
schleich_african_black_rhino,schleich_african_black_rhino/wild_set/images/044.jpg,estimation,train,4032,3024,pixel_4xl,0
schleich_african_black_rhino,schleich_african_black_rhino/wild_set/images/045.jpg,correspondence,train,3024,4032,pixel_5,0
schleich_african_black_rhino,schleich_african_black_rhino/wild_set/images/047.jpg,estimation,train,3024,4032,pixel_5,0
schleich_african_black_rhino,schleich_african_black_rhino/wild_set/images/049.jpg,correspondence,train,3456,5184,canon_t4i,0
schleich_african_black_rhino,schleich_african_black_rhino/wild_set/images/050.jpg,correspondence,train,3024,4032,pixel_4xl,0
schleich_african_black_rhino,schleich_african_black_rhino/wild_set/images/051.jpg,correspondence,train,3024,4032,pixel_4xl,0
schleich_african_black_rhino,schleich_african_black_rhino/wild_set/images/052.jpg,estimation,train,3024,4032,pixel_5,0
schleich_african_black_rhino,schleich_african_black_rhino/wild_set/images/054.jpg,correspondence,train,3024,4032,pixel_4xl,0
schleich_african_black_rhino,schleich_african_black_rhino/wild_set/images/055.jpg,correspondence,train,3456,5184,canon_t4i,0
schleich_african_black_rhino,schleich_african_black_rhino/wild_set/images/056.jpg,estimation,train,3024,4032,pixel_5,0
schleich_african_black_rhino,schleich_african_black_rhino/wild_set/images/058.jpg,correspondence,train,3024,4032,pixel_5,0
schleich_african_black_rhino,schleich_african_black_rhino/wild_set/images/059.jpg,estimation,train,3456,5184,canon_t4i,0
schleich_african_black_rhino,schleich_african_black_rhino/wild_set/images/060.jpg,estimation,train,3024,4032,pixel_5,0
schleich_african_black_rhino,schleich_african_black_rhino/wild_set/images/061.jpg,correspondence,val,3024,4032,pixel_5,0
schleich_african_black_rhino,schleich_african_black_rhino/wild_set/images/062.jpg,estimation,val,3024,4032,pixel_4xl,0
schleich_african_black_rhino,schleich_african_black_rhino/wild_set/images/063.jpg,correspondence,val,3024,4032,pixel_5,0
schleich_african_black_rhino,schleich_african_black_rhino/wild_set/images/064.jpg,estimation,val,3024,4032,pixel_4xl,0
schleich_african_black_rhino,schleich_african_black_rhino/wild_set/images/065.jpg,estimation,val,3024,4032,pixel_5,0
schleich_african_black_rhino,schleich_african_black_rhino/wild_set/images/066.jpg,correspondence,val,3024,4032,pixel_5,0
schleich_african_black_rhino,schleich_african_black_rhino/wild_set/images/067.jpg,estimation,val,3024,4032,pixel_4xl,0
schleich_african_black_rhino,schleich_african_black_rhino/wild_set/images/068.jpg,correspondence,val,3024,4032,pixel_5,0
schleich_african_black_rhino,schleich_african_black_rhino/wild_set/images/069.jpg,estimation,val,3024,4032,pixel_5,0
schleich_african_black_rhino,schleich_african_black_rhino/wild_set/images/070.jpg,correspondence,val,3024,4032,pixel_5,0
schleich_african_black_rhino,schleich_african_black_rhino/wild_set/images/071.jpg,correspondence,val,3024,4032,ipad_4,0
schleich_african_black_rhino,schleich_african_black_rhino/wild_set/images/072.jpg,correspondence,val,3024,4032,pixel_5,0
schleich_african_black_rhino,schleich_african_black_rhino/wild_set/images/073.jpg,estimation,val,3024,4032,pixel_4xl,0
schleich_african_black_rhino,schleich_african_black_rhino/wild_set/images/074.jpg,estimation,val,3024,4032,pixel_4xl,0
schleich_african_black_rhino,schleich_african_black_rhino/wild_set/images/075.jpg,correspondence,val,3024,4032,pixel_4xl,0
schleich_african_black_rhino,schleich_african_black_rhino/wild_set/images/076.jpg,estimation,val,3024,4032,pixel_4xl,0
schleich_bald_eagle,schleich_bald_eagle/wild_set/images/000.jpg,correspondence,train,3024,4032,ipad_4,0
schleich_bald_eagle,schleich_bald_eagle/wild_set/images/001.jpg,estimation,train,3024,4032,pixel_5,0
schleich_bald_eagle,schleich_bald_eagle/wild_set/images/002.jpg,estimation,train,3024,4032,pixel_5,0
schleich_bald_eagle,schleich_bald_eagle/wild_set/images/003.jpg,correspondence,train,3024,4032,pixel_4xl,0
schleich_bald_eagle,schleich_bald_eagle/wild_set/images/004.jpg,estimation,train,3456,5184,canon_t4i,0
schleich_bald_eagle,schleich_bald_eagle/wild_set/images/005.jpg,estimation,train,3024,4032,pixel_4xl,0
schleich_bald_eagle,schleich_bald_eagle/wild_set/images/006.jpg,estimation,train,3024,4032,pixel_4xl,0
schleich_bald_eagle,schleich_bald_eagle/wild_set/images/007.jpg,correspondence,train,3024,4032,pixel_4xl,0
schleich_bald_eagle,schleich_bald_eagle/wild_set/images/009.jpg,correspondence,train,3024,4032,pixel_4xl,0
schleich_bald_eagle,schleich_bald_eagle/wild_set/images/010.jpg,correspondence,train,3024,4032,pixel_5,0
schleich_bald_eagle,schleich_bald_eagle/wild_set/images/011.jpg,correspondence,train,3024,4032,pixel_4xl,0
schleich_bald_eagle,schleich_bald_eagle/wild_set/images/012.jpg,estimation,train,3024,4032,pixel_4xl,0
schleich_bald_eagle,schleich_bald_eagle/wild_set/images/013.jpg,correspondence,train,4032,3024,pixel_5,0
schleich_bald_eagle,schleich_bald_eagle/wild_set/images/014.jpg,estimation,train,3024,4032,pixel_4xl,0
schleich_bald_eagle,schleich_bald_eagle/wild_set/images/015.jpg,correspondence,train,3024,4032,pixel_5,0
schleich_bald_eagle,schleich_bald_eagle/wild_set/images/016.jpg,correspondence,train,3024,4032,pixel_4xl,0
schleich_bald_eagle,schleich_bald_eagle/wild_set/images/017.jpg,estimation,train,3024,4032,pixel_4xl,0
schleich_bald_eagle,schleich_bald_eagle/wild_set/images/018.jpg,estimation,train,3024,4032,pixel_5,0
schleich_bald_eagle,schleich_bald_eagle/wild_set/images/020.jpg,estimation,train,3024,4032,pixel_4xl,0
schleich_bald_eagle,schleich_bald_eagle/wild_set/images/021.jpg,estimation,train,3024,4032,pixel_4xl,0
schleich_bald_eagle,schleich_bald_eagle/wild_set/images/022.jpg,correspondence,train,3024,4032,pixel_4xl,0
schleich_bald_eagle,schleich_bald_eagle/wild_set/images/023.jpg,correspondence,train,3024,4032,pixel_4xl,0
schleich_bald_eagle,schleich_bald_eagle/wild_set/images/024.jpg,estimation,train,3024,4032,pixel_4xl,0
schleich_bald_eagle,schleich_bald_eagle/wild_set/images/025.jpg,estimation,train,3024,4032,pixel_4xl,0
schleich_bald_eagle,schleich_bald_eagle/wild_set/images/026.jpg,correspondence,train,3024,4032,pixel_4xl,0
schleich_bald_eagle,schleich_bald_eagle/wild_set/images/027.jpg,correspondence,train,3024,4032,ipad_4,0
schleich_bald_eagle,schleich_bald_eagle/wild_set/images/029.jpg,estimation,train,3024,4032,pixel_4xl,0
schleich_bald_eagle,schleich_bald_eagle/wild_set/images/030.jpg,correspondence,train,3024,4032,ipad_4,0
schleich_bald_eagle,schleich_bald_eagle/wild_set/images/031.jpg,estimation,train,3024,4032,pixel_4xl,0
schleich_bald_eagle,schleich_bald_eagle/wild_set/images/032.jpg,correspondence,train,3024,4032,pixel_4xl,0
schleich_bald_eagle,schleich_bald_eagle/wild_set/images/033.jpg,correspondence,train,3024,4032,pixel_4xl,0
schleich_bald_eagle,schleich_bald_eagle/wild_set/images/034.jpg,estimation,train,3024,4032,ipad_4,0
schleich_bald_eagle,schleich_bald_eagle/wild_set/images/035.jpg,estimation,train,3024,4032,pixel_5,0
schleich_bald_eagle,schleich_bald_eagle/wild_set/images/036.jpg,estimation,train,3024,4032,pixel_4xl,0
schleich_bald_eagle,schleich_bald_eagle/wild_set/images/037.jpg,estimation,train,3024,4032,pixel_5,0
schleich_bald_eagle,schleich_bald_eagle/wild_set/images/038.jpg,correspondence,train,3024,4032,pixel_4xl,0
schleich_bald_eagle,schleich_bald_eagle/wild_set/images/039.jpg,estimation,train,3024,4032,ipad_4,0
schleich_bald_eagle,schleich_bald_eagle/wild_set/images/040.jpg,correspondence,train,3024,4032,pixel_5,0
schleich_bald_eagle,schleich_bald_eagle/wild_set/images/042.jpg,estimation,train,3024,4032,pixel_5,0
schleich_bald_eagle,schleich_bald_eagle/wild_set/images/043.jpg,estimation,train,3024,4032,pixel_4xl,0
schleich_bald_eagle,schleich_bald_eagle/wild_set/images/044.jpg,correspondence,train,3024,4032,pixel_4xl,0
schleich_bald_eagle,schleich_bald_eagle/wild_set/images/045.jpg,correspondence,train,3024,4032,pixel_5,0
schleich_bald_eagle,schleich_bald_eagle/wild_set/images/046.jpg,estimation,train,3024,4032,pixel_5,0
schleich_bald_eagle,schleich_bald_eagle/wild_set/images/049.jpg,correspondence,train,3024,4032,ipad_4,0
schleich_bald_eagle,schleich_bald_eagle/wild_set/images/050.jpg,estimation,train,3024,4032,pixel_4xl,0
schleich_bald_eagle,schleich_bald_eagle/wild_set/images/051.jpg,correspondence,train,3024,4032,pixel_5,0
schleich_bald_eagle,schleich_bald_eagle/wild_set/images/052.jpg,estimation,train,3024,4032,ipad_4,0
schleich_bald_eagle,schleich_bald_eagle/wild_set/images/053.jpg,correspondence,train,3024,4032,pixel_4xl,0
schleich_bald_eagle,schleich_bald_eagle/wild_set/images/054.jpg,correspondence,train,3456,5184,canon_t4i,0
schleich_bald_eagle,schleich_bald_eagle/wild_set/images/056.jpg,estimation,train,3456,5184,canon_t4i,0
schleich_bald_eagle,schleich_bald_eagle/wild_set/images/057.jpg,correspondence,train,3024,4032,pixel_5,0
schleich_bald_eagle,schleich_bald_eagle/wild_set/images/058.jpg,correspondence,train,3024,4032,pixel_4xl,0
schleich_bald_eagle,schleich_bald_eagle/wild_set/images/059.jpg,correspondence,train,3024,4032,pixel_5,0
schleich_bald_eagle,schleich_bald_eagle/wild_set/images/060.jpg,correspondence,train,3024,4032,pixel_5,0
schleich_bald_eagle,schleich_bald_eagle/wild_set/images/061.jpg,correspondence,train,3456,5184,canon_t4i,0
schleich_bald_eagle,schleich_bald_eagle/wild_set/images/062.jpg,estimation,train,3024,4032,pixel_5,0
schleich_bald_eagle,schleich_bald_eagle/wild_set/images/063.jpg,estimation,train,3024,4032,pixel_4xl,0
schleich_bald_eagle,schleich_bald_eagle/wild_set/images/064.jpg,correspondence,train,3456,5184,canon_t4i,0
schleich_bald_eagle,schleich_bald_eagle/wild_set/images/065.jpg,estimation,train,3456,5184,canon_t4i,0
schleich_bald_eagle,schleich_bald_eagle/wild_set/images/066.jpg,correspondence,val,3024,4032,pixel_5,0
schleich_bald_eagle,schleich_bald_eagle/wild_set/images/067.jpg,correspondence,val,3024,4032,pixel_5,0
schleich_bald_eagle,schleich_bald_eagle/wild_set/images/068.jpg,estimation,val,3024,4032,pixel_4xl,0
schleich_bald_eagle,schleich_bald_eagle/wild_set/images/069.jpg,correspondence,val,3024,4032,pixel_4xl,0
schleich_bald_eagle,schleich_bald_eagle/wild_set/images/070.jpg,correspondence,val,3024,4032,pixel_4xl,0
schleich_bald_eagle,schleich_bald_eagle/wild_set/images/071.jpg,estimation,val,3024,4032,pixel_4xl,0
schleich_bald_eagle,schleich_bald_eagle/wild_set/images/072.jpg,correspondence,val,3456,5184,canon_t4i,0
schleich_bald_eagle,schleich_bald_eagle/wild_set/images/074.jpg,correspondence,val,3024,4032,pixel_4xl,0
schleich_bald_eagle,schleich_bald_eagle/wild_set/images/075.jpg,estimation,val,3024,4032,pixel_5,0
schleich_bald_eagle,schleich_bald_eagle/wild_set/images/076.jpg,estimation,val,3024,4032,pixel_4xl,0
schleich_bald_eagle,schleich_bald_eagle/wild_set/images/077.jpg,correspondence,val,3024,4032,pixel_4xl,0
schleich_bald_eagle,schleich_bald_eagle/wild_set/images/078.jpg,correspondence,val,3024,4032,pixel_4xl,0
schleich_bald_eagle,schleich_bald_eagle/wild_set/images/080.jpg,estimation,val,3024,4032,pixel_4xl,0
schleich_bald_eagle,schleich_bald_eagle/wild_set/images/082.jpg,estimation,val,3024,4032,pixel_5,0
schleich_bald_eagle,schleich_bald_eagle/wild_set/images/084.jpg,estimation,val,3024,4032,pixel_5,0
schleich_bald_eagle,schleich_bald_eagle/wild_set/images/085.jpg,estimation,val,3456,5184,canon_t4i,0
schleich_bald_eagle,schleich_bald_eagle/wild_set/images/086.jpg,estimation,val,3024,4032,pixel_4xl,0
schleich_bald_eagle,schleich_bald_eagle/wild_set/images/087.jpg,correspondence,val,3024,4032,pixel_5,0
schleich_hereford_bull,schleich_hereford_bull/wild_set/images/000.jpg,correspondence,train,3024,4032,pixel_5,0
schleich_hereford_bull,schleich_hereford_bull/wild_set/images/001.jpg,correspondence,train,3024,4032,pixel_5,0
schleich_hereford_bull,schleich_hereford_bull/wild_set/images/003.jpg,estimation,train,3024,4032,pixel_4xl,0
schleich_hereford_bull,schleich_hereford_bull/wild_set/images/004.jpg,estimation,train,3024,4032,pixel_5,0
schleich_hereford_bull,schleich_hereford_bull/wild_set/images/005.jpg,correspondence,train,3024,4032,pixel_5,0
schleich_hereford_bull,schleich_hereford_bull/wild_set/images/006.jpg,correspondence,train,3024,4032,ipad_4,0
schleich_hereford_bull,schleich_hereford_bull/wild_set/images/007.jpg,correspondence,train,3024,4032,pixel_4xl,0
schleich_hereford_bull,schleich_hereford_bull/wild_set/images/008.jpg,correspondence,train,3024,4032,pixel_5,0
schleich_hereford_bull,schleich_hereford_bull/wild_set/images/009.jpg,correspondence,train,3456,5184,canon_t4i,0
schleich_hereford_bull,schleich_hereford_bull/wild_set/images/010.jpg,correspondence,train,3024,4032,pixel_5,0
schleich_hereford_bull,schleich_hereford_bull/wild_set/images/011.jpg,estimation,train,3456,5184,canon_t4i,0
schleich_hereford_bull,schleich_hereford_bull/wild_set/images/012.jpg,correspondence,train,3456,5184,canon_t4i,0
schleich_hereford_bull,schleich_hereford_bull/wild_set/images/013.jpg,correspondence,train,3024,4032,pixel_4xl,0
schleich_hereford_bull,schleich_hereford_bull/wild_set/images/014.jpg,correspondence,train,3024,4032,pixel_5,0
schleich_hereford_bull,schleich_hereford_bull/wild_set/images/016.jpg,correspondence,train,3024,4032,pixel_5,0
schleich_hereford_bull,schleich_hereford_bull/wild_set/images/017.jpg,estimation,train,3024,4032,pixel_4xl,0
schleich_hereford_bull,schleich_hereford_bull/wild_set/images/018.jpg,estimation,train,3024,4032,pixel_5,0
schleich_hereford_bull,schleich_hereford_bull/wild_set/images/019.jpg,estimation,train,3024,4032,pixel_5,0
schleich_hereford_bull,schleich_hereford_bull/wild_set/images/020.jpg,correspondence,train,3024,4032,pixel_5,0
schleich_hereford_bull,schleich_hereford_bull/wild_set/images/021.jpg,correspondence,train,3024,4032,pixel_4xl,0
schleich_hereford_bull,schleich_hereford_bull/wild_set/images/022.jpg,estimation,train,3024,4032,pixel_4xl,0
schleich_hereford_bull,schleich_hereford_bull/wild_set/images/024.jpg,correspondence,train,3024,4032,ipad_4,0
schleich_hereford_bull,schleich_hereford_bull/wild_set/images/025.jpg,estimation,train,3024,4032,pixel_5,0
schleich_hereford_bull,schleich_hereford_bull/wild_set/images/026.jpg,estimation,train,3024,4032,pixel_5,0
schleich_hereford_bull,schleich_hereford_bull/wild_set/images/027.jpg,estimation,train,3024,4032,pixel_5,0
schleich_hereford_bull,schleich_hereford_bull/wild_set/images/028.jpg,estimation,train,4032,3024,pixel_5,0
schleich_hereford_bull,schleich_hereford_bull/wild_set/images/029.jpg,estimation,train,3024,4032,pixel_5,0
schleich_hereford_bull,schleich_hereford_bull/wild_set/images/030.jpg,estimation,train,3024,4032,ipad_4,0
schleich_hereford_bull,schleich_hereford_bull/wild_set/images/031.jpg,correspondence,train,3024,4032,pixel_5,0
schleich_hereford_bull,schleich_hereford_bull/wild_set/images/032.jpg,estimation,train,3024,4032,pixel_5,0
schleich_hereford_bull,schleich_hereford_bull/wild_set/images/033.jpg,estimation,train,3024,4032,ipad_4,0
schleich_hereford_bull,schleich_hereford_bull/wild_set/images/034.jpg,correspondence,train,3024,4032,pixel_5,0
schleich_hereford_bull,schleich_hereford_bull/wild_set/images/035.jpg,estimation,train,3024,4032,pixel_4xl,0
schleich_hereford_bull,schleich_hereford_bull/wild_set/images/036.jpg,estimation,train,3024,4032,ipad_4,0
schleich_hereford_bull,schleich_hereford_bull/wild_set/images/037.jpg,estimation,train,3024,4032,pixel_5,0
schleich_hereford_bull,schleich_hereford_bull/wild_set/images/038.jpg,correspondence,train,3024,4032,pixel_5,0
schleich_hereford_bull,schleich_hereford_bull/wild_set/images/039.jpg,estimation,train,3456,5184,canon_t4i,0
schleich_hereford_bull,schleich_hereford_bull/wild_set/images/040.jpg,estimation,train,3024,4032,pixel_5,0
schleich_hereford_bull,schleich_hereford_bull/wild_set/images/043.jpg,correspondence,train,3024,4032,pixel_4xl,0
schleich_hereford_bull,schleich_hereford_bull/wild_set/images/044.jpg,estimation,val,3024,4032,pixel_4xl,0
schleich_hereford_bull,schleich_hereford_bull/wild_set/images/045.jpg,correspondence,val,3456,5184,canon_t4i,0
schleich_hereford_bull,schleich_hereford_bull/wild_set/images/046.jpg,estimation,val,3024,4032,pixel_4xl,0
schleich_hereford_bull,schleich_hereford_bull/wild_set/images/048.jpg,correspondence,val,3024,4032,pixel_5,0
schleich_hereford_bull,schleich_hereford_bull/wild_set/images/049.jpg,correspondence,val,3024,4032,pixel_4xl,0
schleich_hereford_bull,schleich_hereford_bull/wild_set/images/051.jpg,correspondence,val,3024,4032,pixel_5,0
schleich_hereford_bull,schleich_hereford_bull/wild_set/images/052.jpg,estimation,val,3024,4032,pixel_5,0
schleich_hereford_bull,schleich_hereford_bull/wild_set/images/054.jpg,estimation,val,3024,4032,pixel_4xl,0
schleich_hereford_bull,schleich_hereford_bull/wild_set/images/055.jpg,estimation,val,3456,5184,canon_t4i,0
schleich_hereford_bull,schleich_hereford_bull/wild_set/images/056.jpg,correspondence,val,3024,4032,pixel_4xl,0
schleich_hereford_bull,schleich_hereford_bull/wild_set/images/057.jpg,correspondence,val,3024,4032,ipad_4,0
schleich_hereford_bull,schleich_hereford_bull/wild_set/images/059.jpg,correspondence,val,3024,4032,pixel_5,0
schleich_hereford_bull,schleich_hereford_bull/wild_set/images/060.jpg,estimation,val,3024,4032,pixel_5,0
schleich_lion_action_figure,schleich_lion_action_figure/wild_set/images/000.jpg,correspondence,train,3024,4032,pixel_5,0
schleich_lion_action_figure,schleich_lion_action_figure/wild_set/images/001.jpg,correspondence,train,3024,4032,pixel_4xl,0
schleich_lion_action_figure,schleich_lion_action_figure/wild_set/images/003.jpg,estimation,train,3024,4032,ipad_4,0
schleich_lion_action_figure,schleich_lion_action_figure/wild_set/images/005.jpg,correspondence,train,3024,4032,pixel_4xl,0
schleich_lion_action_figure,schleich_lion_action_figure/wild_set/images/006.jpg,estimation,train,3024,4032,pixel_5,0
schleich_lion_action_figure,schleich_lion_action_figure/wild_set/images/007.jpg,correspondence,train,3456,5184,canon_t4i,0
schleich_lion_action_figure,schleich_lion_action_figure/wild_set/images/008.jpg,correspondence,train,3024,4032,pixel_4xl,0
schleich_lion_action_figure,schleich_lion_action_figure/wild_set/images/009.jpg,correspondence,train,3024,4032,pixel_4xl,0
schleich_lion_action_figure,schleich_lion_action_figure/wild_set/images/010.jpg,estimation,train,3024,4032,pixel_5,0
schleich_lion_action_figure,schleich_lion_action_figure/wild_set/images/011.jpg,correspondence,train,3024,4032,pixel_4xl,0
schleich_lion_action_figure,schleich_lion_action_figure/wild_set/images/012.jpg,estimation,train,3024,4032,pixel_4xl,0
schleich_lion_action_figure,schleich_lion_action_figure/wild_set/images/013.jpg,estimation,train,3024,4032,ipad_4,0
schleich_lion_action_figure,schleich_lion_action_figure/wild_set/images/014.jpg,correspondence,train,3024,4032,pixel_4xl,0
schleich_lion_action_figure,schleich_lion_action_figure/wild_set/images/015.jpg,estimation,train,3024,4032,pixel_4xl,0
schleich_lion_action_figure,schleich_lion_action_figure/wild_set/images/016.jpg,correspondence,train,3024,4032,pixel_4xl,0
schleich_lion_action_figure,schleich_lion_action_figure/wild_set/images/017.jpg,estimation,train,3024,4032,pixel_4xl,0
schleich_lion_action_figure,schleich_lion_action_figure/wild_set/images/018.jpg,estimation,train,3024,4032,pixel_5,0
schleich_lion_action_figure,schleich_lion_action_figure/wild_set/images/019.jpg,correspondence,train,3024,4032,pixel_5,0
schleich_lion_action_figure,schleich_lion_action_figure/wild_set/images/020.jpg,correspondence,train,3024,4032,pixel_4xl,0
schleich_lion_action_figure,schleich_lion_action_figure/wild_set/images/021.jpg,correspondence,train,3456,5184,canon_t4i,0
schleich_lion_action_figure,schleich_lion_action_figure/wild_set/images/022.jpg,estimation,train,3456,5184,canon_t4i,0
schleich_lion_action_figure,schleich_lion_action_figure/wild_set/images/023.jpg,estimation,train,3024,4032,pixel_4xl,0
schleich_lion_action_figure,schleich_lion_action_figure/wild_set/images/024.jpg,estimation,train,3024,4032,pixel_4xl,0
schleich_lion_action_figure,schleich_lion_action_figure/wild_set/images/025.jpg,correspondence,train,3024,4032,pixel_4xl,0
schleich_lion_action_figure,schleich_lion_action_figure/wild_set/images/026.jpg,estimation,train,3024,4032,pixel_4xl,0
schleich_lion_action_figure,schleich_lion_action_figure/wild_set/images/027.jpg,correspondence,train,3024,4032,ipad_4,0
schleich_lion_action_figure,schleich_lion_action_figure/wild_set/images/028.jpg,estimation,train,3024,4032,pixel_4xl,0
schleich_lion_action_figure,schleich_lion_action_figure/wild_set/images/029.jpg,correspondence,train,3024,4032,pixel_5,0
schleich_lion_action_figure,schleich_lion_action_figure/wild_set/images/030.jpg,correspondence,train,3024,4032,ipad_4_c,0
schleich_lion_action_figure,schleich_lion_action_figure/wild_set/images/031.jpg,correspondence,train,3024,4032,pixel_4xl,0
schleich_lion_action_figure,schleich_lion_action_figure/wild_set/images/032.jpg,estimation,train,3024,4032,pixel_4xl,0
schleich_lion_action_figure,schleich_lion_action_figure/wild_set/images/033.jpg,estimation,train,3024,4032,ipad_4,0
schleich_lion_action_figure,schleich_lion_action_figure/wild_set/images/036.jpg,estimation,train,3024,4032,pixel_4xl,0
schleich_lion_action_figure,schleich_lion_action_figure/wild_set/images/037.jpg,correspondence,train,3024,4032,pixel_5,0
schleich_lion_action_figure,schleich_lion_action_figure/wild_set/images/038.jpg,correspondence,train,3024,4032,pixel_5,0
schleich_lion_action_figure,schleich_lion_action_figure/wild_set/images/039.jpg,correspondence,train,3024,4032,pixel_4xl,0
schleich_lion_action_figure,schleich_lion_action_figure/wild_set/images/040.jpg,estimation,train,3024,4032,pixel_4xl,0
schleich_lion_action_figure,schleich_lion_action_figure/wild_set/images/041.jpg,estimation,train,3024,4032,pixel_4xl,0
schleich_lion_action_figure,schleich_lion_action_figure/wild_set/images/043.jpg,estimation,train,3024,4032,pixel_4xl,0
schleich_lion_action_figure,schleich_lion_action_figure/wild_set/images/044.jpg,estimation,train,3456,5184,canon_t4i,0
schleich_lion_action_figure,schleich_lion_action_figure/wild_set/images/045.jpg,correspondence,train,3456,5184,canon_t4i,0
schleich_lion_action_figure,schleich_lion_action_figure/wild_set/images/046.jpg,correspondence,train,3024,4032,pixel_4xl,0
schleich_lion_action_figure,schleich_lion_action_figure/wild_set/images/047.jpg,estimation,train,3024,4032,pixel_4xl,0
schleich_lion_action_figure,schleich_lion_action_figure/wild_set/images/048.jpg,correspondence,train,3024,4032,pixel_4xl,0
schleich_lion_action_figure,schleich_lion_action_figure/wild_set/images/049.jpg,correspondence,train,3024,4032,pixel_4xl,0
schleich_lion_action_figure,schleich_lion_action_figure/wild_set/images/050.jpg,estimation,train,3024,4032,pixel_5,0
schleich_lion_action_figure,schleich_lion_action_figure/wild_set/images/051.jpg,correspondence,train,3024,4032,pixel_4xl,0
schleich_lion_action_figure,schleich_lion_action_figure/wild_set/images/052.jpg,estimation,train,3024,4032,pixel_4xl,0
schleich_lion_action_figure,schleich_lion_action_figure/wild_set/images/053.jpg,estimation,train,3456,5184,canon_t4i,0
schleich_lion_action_figure,schleich_lion_action_figure/wild_set/images/054.jpg,correspondence,val,3024,4032,pixel_4xl,0
schleich_lion_action_figure,schleich_lion_action_figure/wild_set/images/055.jpg,estimation,val,3024,4032,pixel_4xl,0
schleich_lion_action_figure,schleich_lion_action_figure/wild_set/images/056.jpg,correspondence,val,3024,4032,pixel_4xl,0
schleich_lion_action_figure,schleich_lion_action_figure/wild_set/images/057.jpg,estimation,val,3024,4032,pixel_4xl,0
schleich_lion_action_figure,schleich_lion_action_figure/wild_set/images/058.jpg,estimation,val,3024,4032,pixel_4xl,0
schleich_lion_action_figure,schleich_lion_action_figure/wild_set/images/059.jpg,correspondence,val,3024,4032,ipad_4,0
schleich_lion_action_figure,schleich_lion_action_figure/wild_set/images/060.jpg,estimation,val,3024,4032,pixel_4xl,0
schleich_lion_action_figure,schleich_lion_action_figure/wild_set/images/061.jpg,estimation,val,3024,4032,pixel_5,0
schleich_lion_action_figure,schleich_lion_action_figure/wild_set/images/062.jpg,correspondence,val,3024,4032,pixel_4xl,0
schleich_lion_action_figure,schleich_lion_action_figure/wild_set/images/063.jpg,estimation,val,3024,4032,pixel_4xl,0
schleich_lion_action_figure,schleich_lion_action_figure/wild_set/images/064.jpg,correspondence,val,3024,4032,ipad_4,0
schleich_lion_action_figure,schleich_lion_action_figure/wild_set/images/065.jpg,correspondence,val,3024,4032,pixel_4xl,0
schleich_lion_action_figure,schleich_lion_action_figure/wild_set/images/066.jpg,correspondence,val,3024,4032,pixel_4xl,0
schleich_lion_action_figure,schleich_lion_action_figure/wild_set/images/068.jpg,estimation,val,3024,4032,pixel_4xl,0
schleich_spinosaurus_action_figure,schleich_spinosaurus_action_figure/wild_set/images/000.jpg,estimation,train,3072,4080,pixel_7,0
schleich_spinosaurus_action_figure,schleich_spinosaurus_action_figure/wild_set/images/002.jpg,correspondence,train,3456,5184,canon_t4i,0
schleich_spinosaurus_action_figure,schleich_spinosaurus_action_figure/wild_set/images/003.jpg,correspondence,train,3024,4032,pixel_5,0
schleich_spinosaurus_action_figure,schleich_spinosaurus_action_figure/wild_set/images/005.jpg,estimation,train,3072,4080,pixel_7,0
schleich_spinosaurus_action_figure,schleich_spinosaurus_action_figure/wild_set/images/006.jpg,correspondence,train,3072,4080,pixel_7,0
schleich_spinosaurus_action_figure,schleich_spinosaurus_action_figure/wild_set/images/007.jpg,estimation,train,3456,5184,canon_t4i,0
schleich_spinosaurus_action_figure,schleich_spinosaurus_action_figure/wild_set/images/008.jpg,estimation,train,3024,4032,ipad_4,0
schleich_spinosaurus_action_figure,schleich_spinosaurus_action_figure/wild_set/images/009.jpg,correspondence,train,3024,4032,pixel_5,0
schleich_spinosaurus_action_figure,schleich_spinosaurus_action_figure/wild_set/images/011.jpg,correspondence,train,3072,4080,pixel_7,0
schleich_spinosaurus_action_figure,schleich_spinosaurus_action_figure/wild_set/images/012.jpg,estimation,train,3456,5184,canon_t4i,0
schleich_spinosaurus_action_figure,schleich_spinosaurus_action_figure/wild_set/images/014.jpg,correspondence,train,3456,5184,canon_t4i,0
schleich_spinosaurus_action_figure,schleich_spinosaurus_action_figure/wild_set/images/015.jpg,estimation,train,3072,4080,pixel_7,0
schleich_spinosaurus_action_figure,schleich_spinosaurus_action_figure/wild_set/images/017.jpg,correspondence,train,3072,4080,pixel_7,0
schleich_spinosaurus_action_figure,schleich_spinosaurus_action_figure/wild_set/images/018.jpg,correspondence,train,3072,4080,pixel_7,0
schleich_spinosaurus_action_figure,schleich_spinosaurus_action_figure/wild_set/images/019.jpg,estimation,train,3072,4080,pixel_7,0
schleich_spinosaurus_action_figure,schleich_spinosaurus_action_figure/wild_set/images/020.jpg,estimation,train,3072,4080,pixel_7,0
schleich_spinosaurus_action_figure,schleich_spinosaurus_action_figure/wild_set/images/021.jpg,correspondence,train,3072,4080,pixel_7,0
schleich_spinosaurus_action_figure,schleich_spinosaurus_action_figure/wild_set/images/022.jpg,estimation,train,3072,4080,pixel_7,0
schleich_spinosaurus_action_figure,schleich_spinosaurus_action_figure/wild_set/images/023.jpg,estimation,train,3024,4032,pixel_5,0
schleich_spinosaurus_action_figure,schleich_spinosaurus_action_figure/wild_set/images/024.jpg,estimation,train,3024,4032,ipad_4,0
schleich_spinosaurus_action_figure,schleich_spinosaurus_action_figure/wild_set/images/025.jpg,correspondence,train,3456,5184,canon_t4i,0
schleich_spinosaurus_action_figure,schleich_spinosaurus_action_figure/wild_set/images/026.jpg,correspondence,train,3024,4032,ipad_4,0
schleich_spinosaurus_action_figure,schleich_spinosaurus_action_figure/wild_set/images/027.jpg,estimation,train,3072,4080,pixel_7,0
schleich_spinosaurus_action_figure,schleich_spinosaurus_action_figure/wild_set/images/028.jpg,correspondence,train,3456,5184,canon_t4i,0
schleich_spinosaurus_action_figure,schleich_spinosaurus_action_figure/wild_set/images/031.jpg,correspondence,train,3072,4080,pixel_7,0
schleich_spinosaurus_action_figure,schleich_spinosaurus_action_figure/wild_set/images/032.jpg,estimation,train,3456,5184,canon_t4i,0
schleich_spinosaurus_action_figure,schleich_spinosaurus_action_figure/wild_set/images/033.jpg,estimation,train,3024,4032,ipad_5,0
schleich_spinosaurus_action_figure,schleich_spinosaurus_action_figure/wild_set/images/034.jpg,estimation,train,3024,4032,pixel_4xl,0
schleich_spinosaurus_action_figure,schleich_spinosaurus_action_figure/wild_set/images/035.jpg,estimation,train,3456,5184,canon_t4i,0
schleich_spinosaurus_action_figure,schleich_spinosaurus_action_figure/wild_set/images/036.jpg,correspondence,train,3072,4080,pixel_7,0
schleich_spinosaurus_action_figure,schleich_spinosaurus_action_figure/wild_set/images/037.jpg,estimation,train,3456,5184,canon_t4i,0
schleich_spinosaurus_action_figure,schleich_spinosaurus_action_figure/wild_set/images/038.jpg,estimation,train,3456,5184,canon_t4i,0
schleich_spinosaurus_action_figure,schleich_spinosaurus_action_figure/wild_set/images/039.jpg,correspondence,train,3072,4080,pixel_7,0
schleich_spinosaurus_action_figure,schleich_spinosaurus_action_figure/wild_set/images/040.jpg,correspondence,train,3456,5184,canon_t4i,0
schleich_spinosaurus_action_figure,schleich_spinosaurus_action_figure/wild_set/images/041.jpg,correspondence,train,3024,4032,ipad_4,0
schleich_spinosaurus_action_figure,schleich_spinosaurus_action_figure/wild_set/images/042.jpg,correspondence,train,3456,5184,canon_t4i,0
schleich_spinosaurus_action_figure,schleich_spinosaurus_action_figure/wild_set/images/044.jpg,estimation,train,3072,4080,pixel_7,0
schleich_spinosaurus_action_figure,schleich_spinosaurus_action_figure/wild_set/images/045.jpg,correspondence,train,3456,5184,canon_t4i,0
schleich_spinosaurus_action_figure,schleich_spinosaurus_action_figure/wild_set/images/046.jpg,estimation,train,3456,5184,canon_t4i,0
schleich_spinosaurus_action_figure,schleich_spinosaurus_action_figure/wild_set/images/047.jpg,estimation,val,4032,3024,pixel_5,0
schleich_spinosaurus_action_figure,schleich_spinosaurus_action_figure/wild_set/images/048.jpg,correspondence,val,3456,5184,canon_t4i,0
schleich_spinosaurus_action_figure,schleich_spinosaurus_action_figure/wild_set/images/049.jpg,correspondence,val,3456,5184,canon_t4i,0
schleich_spinosaurus_action_figure,schleich_spinosaurus_action_figure/wild_set/images/051.jpg,estimation,val,3072,4080,pixel_7,0
schleich_spinosaurus_action_figure,schleich_spinosaurus_action_figure/wild_set/images/052.jpg,estimation,val,3024,4032,ipad_4,0
schleich_spinosaurus_action_figure,schleich_spinosaurus_action_figure/wild_set/images/053.jpg,estimation,val,3456,5184,canon_t4i,0
schleich_spinosaurus_action_figure,schleich_spinosaurus_action_figure/wild_set/images/054.jpg,correspondence,val,3024,4032,ipad_4,0
schleich_spinosaurus_action_figure,schleich_spinosaurus_action_figure/wild_set/images/055.jpg,correspondence,val,3072,4080,pixel_7,0
schleich_spinosaurus_action_figure,schleich_spinosaurus_action_figure/wild_set/images/056.jpg,correspondence,val,3072,4080,pixel_7,0
schleich_spinosaurus_action_figure,schleich_spinosaurus_action_figure/wild_set/images/057.jpg,estimation,val,3072,4080,pixel_7,0
schleich_spinosaurus_action_figure,schleich_spinosaurus_action_figure/wild_set/images/058.jpg,correspondence,val,3024,4032,pixel_5,0
schleich_spinosaurus_action_figure,schleich_spinosaurus_action_figure/wild_set/images/059.jpg,estimation,val,3024,4032,pixel_5,0
school_bus,school_bus/wild_set/images/000.jpg,correspondence,train,3024,4032,pixel_4xl,0
school_bus,school_bus/wild_set/images/001.jpg,correspondence,train,3024,4032,pixel_4xl,0
school_bus,school_bus/wild_set/images/002.jpg,correspondence,train,3024,4032,pixel_5,0
school_bus,school_bus/wild_set/images/003.jpg,correspondence,train,3024,4032,pixel_4xl,0
school_bus,school_bus/wild_set/images/005.jpg,estimation,train,3024,4032,pixel_5,0
school_bus,school_bus/wild_set/images/006.jpg,estimation,train,3024,4032,pixel_4xl,0
school_bus,school_bus/wild_set/images/007.jpg,correspondence,train,3456,5184,canon_t4i,0
school_bus,school_bus/wild_set/images/008.jpg,correspondence,train,3456,5184,canon_t4i,0
school_bus,school_bus/wild_set/images/009.jpg,correspondence,train,3024,4032,pixel_4xl,0
school_bus,school_bus/wild_set/images/010.jpg,estimation,train,3024,4032,ipad_4,0
school_bus,school_bus/wild_set/images/011.jpg,estimation,train,3024,4032,pixel_4xl,0
school_bus,school_bus/wild_set/images/012.jpg,estimation,train,3024,4032,pixel_5,0
school_bus,school_bus/wild_set/images/013.jpg,correspondence,train,3024,4032,pixel_4xl,0
school_bus,school_bus/wild_set/images/014.jpg,correspondence,train,3024,4032,ipad_4,0
school_bus,school_bus/wild_set/images/015.jpg,estimation,train,3024,4032,pixel_4xl,0
school_bus,school_bus/wild_set/images/016.jpg,estimation,train,3024,4032,pixel_4xl,0
school_bus,school_bus/wild_set/images/017.jpg,estimation,train,3024,4032,pixel_5,0
school_bus,school_bus/wild_set/images/019.jpg,estimation,train,3024,4032,pixel_4xl,0
school_bus,school_bus/wild_set/images/020.jpg,estimation,train,3456,5184,canon_t4i,0
school_bus,school_bus/wild_set/images/021.jpg,correspondence,train,3024,4032,ipad_4,0
school_bus,school_bus/wild_set/images/022.jpg,correspondence,train,3024,4032,pixel_4xl,0
school_bus,school_bus/wild_set/images/023.jpg,estimation,train,3024,4032,pixel_4xl,0
school_bus,school_bus/wild_set/images/024.jpg,correspondence,train,3024,4032,pixel_5,0
school_bus,school_bus/wild_set/images/025.jpg,estimation,train,3024,4032,pixel_5,0
school_bus,school_bus/wild_set/images/026.jpg,estimation,train,3024,4032,pixel_5,0
school_bus,school_bus/wild_set/images/027.jpg,correspondence,train,3024,4032,pixel_4xl,0
school_bus,school_bus/wild_set/images/028.jpg,estimation,train,3024,4032,pixel_4xl,0
school_bus,school_bus/wild_set/images/029.jpg,estimation,train,3024,4032,ipad_4,0
school_bus,school_bus/wild_set/images/030.jpg,correspondence,train,3024,4032,pixel_4xl,0
school_bus,school_bus/wild_set/images/031.jpg,estimation,train,3024,4032,pixel_4xl,0
school_bus,school_bus/wild_set/images/032.jpg,correspondence,train,3024,4032,ipad_4_c,0
school_bus,school_bus/wild_set/images/033.jpg,correspondence,train,4032,3024,pixel_5,0
school_bus,school_bus/wild_set/images/034.jpg,correspondence,train,3024,4032,pixel_4xl,0
school_bus,school_bus/wild_set/images/035.jpg,estimation,train,3024,4032,ipad_4_c,0
school_bus,school_bus/wild_set/images/036.jpg,estimation,train,3456,5184,canon_t4i,0
school_bus,school_bus/wild_set/images/038.jpg,estimation,train,3024,4032,pixel_4xl,0
school_bus,school_bus/wild_set/images/039.jpg,correspondence,train,3024,4032,ipad_4,0
school_bus,school_bus/wild_set/images/040.jpg,estimation,train,3024,4032,pixel_4xl,0
school_bus,school_bus/wild_set/images/041.jpg,estimation,train,3024,4032,pixel_5,0
school_bus,school_bus/wild_set/images/042.jpg,correspondence,train,3024,4032,pixel_5,0
school_bus,school_bus/wild_set/images/043.jpg,correspondence,train,3024,4032,pixel_5,0
school_bus,school_bus/wild_set/images/044.jpg,estimation,train,3024,4032,pixel_5,0
school_bus,school_bus/wild_set/images/045.jpg,correspondence,train,3024,4032,pixel_5,0
school_bus,school_bus/wild_set/images/046.jpg,correspondence,train,3024,4032,pixel_5,0
school_bus,school_bus/wild_set/images/047.jpg,estimation,train,3456,5184,canon_t4i,0
school_bus,school_bus/wild_set/images/048.jpg,correspondence,train,3024,4032,pixel_4xl,0
school_bus,school_bus/wild_set/images/049.jpg,estimation,train,3024,4032,pixel_5,0
school_bus,school_bus/wild_set/images/050.jpg,correspondence,train,3024,4032,pixel_5,0
school_bus,school_bus/wild_set/images/051.jpg,correspondence,val,3456,5184,canon_t4i,0
school_bus,school_bus/wild_set/images/052.jpg,estimation,val,3024,4032,pixel_5,0
school_bus,school_bus/wild_set/images/053.jpg,correspondence,val,3024,4032,pixel_5,0
school_bus,school_bus/wild_set/images/055.jpg,correspondence,val,3024,4032,pixel_4xl,0
school_bus,school_bus/wild_set/images/057.jpg,correspondence,val,3024,4032,pixel_4xl,0
school_bus,school_bus/wild_set/images/058.jpg,estimation,val,3024,4032,pixel_5,0
school_bus,school_bus/wild_set/images/060.jpg,estimation,val,3024,4032,pixel_5,0
school_bus,school_bus/wild_set/images/061.jpg,correspondence,val,3024,4032,pixel_4xl,0
school_bus,school_bus/wild_set/images/062.jpg,correspondence,val,3024,4032,pixel_5,0
school_bus,school_bus/wild_set/images/063.jpg,estimation,val,3024,4032,pixel_4xl,0
school_bus,school_bus/wild_set/images/064.jpg,estimation,val,3024,4032,pixel_4xl,0
school_bus,school_bus/wild_set/images/065.jpg,estimation,val,3024,4032,ipad_4,0
school_bus,school_bus/wild_set/images/067.jpg,correspondence,val,3024,4032,pixel_5,0
school_bus,school_bus/wild_set/images/069.jpg,estimation,val,3024,4032,pixel_4xl,0
shoe_right_gray_s,shoe_right_gray_s/wild_set/images/000.jpg,estimation,train,3024,4032,pixel_4a,0
shoe_right_gray_s,shoe_right_gray_s/wild_set/images/001.jpg,estimation,val,3024,4032,pixel_4a,0
shoe_right_gray_s,shoe_right_gray_s/wild_set/images/002.jpg,estimation,val,3024,4032,pixel_4a,0
shoe_right_gray_s,shoe_right_gray_s/wild_set/images/003.jpg,estimation,train,3024,4032,pixel_4a,0
shoe_right_gray_s,shoe_right_gray_s/wild_set/images/004.jpg,estimation,train,3024,4032,pixel_4a,0
shoe_right_gray_s,shoe_right_gray_s/wild_set/images/005.jpg,estimation,train,3024,4032,pixel_4a,0
shoe_right_gray_s,shoe_right_gray_s/wild_set/images/006.jpg,estimation,train,3024,4032,pixel_4a,0
shoe_right_gray_s,shoe_right_gray_s/wild_set/images/007.jpg,estimation,train,3024,4032,pixel_4a,0
shoe_right_gray_s,shoe_right_gray_s/wild_set/images/008.jpg,estimation,train,3024,4032,pixel_4a,0
shoe_right_gray_s,shoe_right_gray_s/wild_set/images/009.jpg,estimation,train,3024,4032,pixel_4a,0
shoe_right_gray_s,shoe_right_gray_s/wild_set/images/010.jpg,estimation,train,3024,4032,pixel_4a,0
shoe_right_gray_s,shoe_right_gray_s/wild_set/images/011.jpg,correspondence,train,3024,4032,pixel_4a,0
shoe_right_gray_s,shoe_right_gray_s/wild_set/images/012.jpg,correspondence,train,4000,6000,sony_a6000,0
shoe_right_gray_s,shoe_right_gray_s/wild_set/images/013.jpg,correspondence,val,3024,4032,pixel_4a,0
shoe_right_gray_s,shoe_right_gray_s/wild_set/images/014.jpg,estimation,train,3024,4032,pixel_4a,0
shoe_right_gray_s,shoe_right_gray_s/wild_set/images/015.jpg,estimation,train,3024,4032,pixel_4a,0
shoe_right_gray_s,shoe_right_gray_s/wild_set/images/016.jpg,estimation,train,4000,6000,sony_a6000,0
shoe_right_gray_s,shoe_right_gray_s/wild_set/images/017.jpg,estimation,train,3024,4032,pixel_4a,0
shoe_right_gray_s,shoe_right_gray_s/wild_set/images/018.jpg,estimation,val,4000,6000,sony_a6000,0
shoe_right_gray_s,shoe_right_gray_s/wild_set/images/019.jpg,estimation,train,3024,4032,pixel_4a,0
shoe_right_gray_s,shoe_right_gray_s/wild_set/images/020.jpg,correspondence,train,3024,4032,pixel_4a,0
shoe_right_gray_s,shoe_right_gray_s/wild_set/images/021.jpg,correspondence,train,3024,4032,pixel_4a,0
shoe_right_gray_s,shoe_right_gray_s/wild_set/images/022.jpg,correspondence,train,3024,4032,pixel_4a,0
shoe_right_gray_s,shoe_right_gray_s/wild_set/images/023.jpg,estimation,train,3024,4032,pixel_4a,0
shoe_right_gray_s,shoe_right_gray_s/wild_set/images/024.jpg,correspondence,train,3024,4032,pixel_4a,0
shoe_right_gray_s,shoe_right_gray_s/wild_set/images/025.jpg,estimation,val,3024,4032,iphone_7plus,0
shoe_right_gray_s,shoe_right_gray_s/wild_set/images/026.jpg,correspondence,train,3024,4032,pixel_4a,0
shoe_right_gray_s,shoe_right_gray_s/wild_set/images/027.jpg,correspondence,train,3024,4032,pixel_4a,0
shoe_right_gray_s,shoe_right_gray_s/wild_set/images/028.jpg,correspondence,val,4000,6000,sony_a6000,0
shoe_right_gray_s,shoe_right_gray_s/wild_set/images/029.jpg,estimation,train,3024,4032,pixel_4a,0
shoe_right_gray_s,shoe_right_gray_s/wild_set/images/030.jpg,correspondence,val,3024,4032,pixel_4a,0
shoe_right_gray_s,shoe_right_gray_s/wild_set/images/031.jpg,estimation,train,4000,6000,sony_a6000,0
shoe_right_gray_s,shoe_right_gray_s/wild_set/images/032.jpg,correspondence,train,3024,4032,pixel_4a,0
shoe_right_gray_s,shoe_right_gray_s/wild_set/images/033.jpg,correspondence,train,3024,4032,pixel_4a,0
shoe_right_gray_s,shoe_right_gray_s/wild_set/images/034.jpg,correspondence,train,3024,4032,pixel_4a,0
shoe_right_gray_s,shoe_right_gray_s/wild_set/images/035.jpg,correspondence,train,3024,4032,iphone_7plus,0
shoe_right_gray_s,shoe_right_gray_s/wild_set/images/036.jpg,correspondence,val,3024,4032,pixel_4a,0
shoe_right_gray_s,shoe_right_gray_s/wild_set/images/037.jpg,correspondence,train,3024,4032,pixel_4a,0
shoe_right_gray_s,shoe_right_gray_s/wild_set/images/038.jpg,estimation,val,3024,4032,iphone_7plus,0
shoe_right_gray_s,shoe_right_gray_s/wild_set/images/039.jpg,estimation,train,3024,4032,pixel_4a,0
shoe_right_gray_s,shoe_right_gray_s/wild_set/images/040.jpg,estimation,val,3024,4032,pixel_4a,0
shoe_right_gray_s,shoe_right_gray_s/wild_set/images/041.jpg,correspondence,train,3024,4032,pixel_4a,0
shoe_right_gray_s,shoe_right_gray_s/wild_set/images/042.jpg,correspondence,train,4000,6000,sony_a6000,0
shoe_right_gray_s,shoe_right_gray_s/wild_set/images/043.jpg,correspondence,train,3024,4032,pixel_4a,0
shoe_right_gray_s,shoe_right_gray_s/wild_set/images/044.jpg,correspondence,train,3024,4032,pixel_4a,0
shoe_right_gray_s,shoe_right_gray_s/wild_set/images/045.jpg,correspondence,train,3024,4032,iphone_7plus,0
shoe_right_gray_s,shoe_right_gray_s/wild_set/images/046.jpg,estimation,train,3024,4032,pixel_4a,0
shoe_right_gray_s,shoe_right_gray_s/wild_set/images/047.jpg,correspondence,train,3024,4032,iphone_7plus,0
shoe_right_gray_s,shoe_right_gray_s/wild_set/images/048.jpg,estimation,train,3024,4032,pixel_4a,0
shoe_right_gray_s,shoe_right_gray_s/wild_set/images/049.jpg,estimation,train,3024,4032,pixel_4a,0
shoe_right_gray_s,shoe_right_gray_s/wild_set/images/050.jpg,estimation,val,3024,4032,pixel_4a,0
shoe_right_gray_s,shoe_right_gray_s/wild_set/images/051.jpg,correspondence,train,3024,4032,iphone_7plus,0
shoe_right_gray_s,shoe_right_gray_s/wild_set/images/052.jpg,estimation,train,4000,6000,sony_a6000,0
shoe_right_gray_s,shoe_right_gray_s/wild_set/images/053.jpg,estimation,train,3024,4032,pixel_4a,0
shoe_right_gray_s,shoe_right_gray_s/wild_set/images/054.jpg,estimation,train,3024,4032,iphone_7plus,0
shoe_right_gray_s,shoe_right_gray_s/wild_set/images/055.jpg,correspondence,val,4000,6000,sony_a6000,0
shoe_right_gray_s,shoe_right_gray_s/wild_set/images/056.jpg,correspondence,train,3024,4032,pixel_4a,0
shoe_right_gray_s,shoe_right_gray_s/wild_set/images/057.jpg,estimation,train,3024,4032,iphone_7plus,0
shoe_right_gray_s,shoe_right_gray_s/wild_set/images/058.jpg,estimation,train,3024,4032,pixel_4a,0
shoe_right_gray_s,shoe_right_gray_s/wild_set/images/059.jpg,correspondence,train,3024,4032,iphone_7plus,0
shoe_right_gray_s,shoe_right_gray_s/wild_set/images/060.jpg,correspondence,train,3024,4032,pixel_4a,0
shoe_right_gray_s,shoe_right_gray_s/wild_set/images/061.jpg,correspondence,train,4000,6000,sony_a6000,0
shoe_right_gray_s,shoe_right_gray_s/wild_set/images/062.jpg,estimation,train,4032,3024,iphone_7plus,0
shoe_right_gray_s,shoe_right_gray_s/wild_set/images/063.jpg,correspondence,train,3024,4032,pixel_4a,0
shoe_right_gray_s,shoe_right_gray_s/wild_set/images/064.jpg,correspondence,val,3024,4032,pixel_4a,0
shoe_right_gray_s,shoe_right_gray_s/wild_set/images/065.jpg,correspondence,val,3024,4032,pixel_4a,0
shoe_right_gray_s,shoe_right_gray_s/wild_set/images/066.jpg,estimation,train,3024,4032,pixel_4a,0
shoe_right_gray_s,shoe_right_gray_s/wild_set/images/067.jpg,correspondence,train,3024,4032,pixel_4a,0
shoe_right_gray_s,shoe_right_gray_s/wild_set/images/068.jpg,correspondence,train,3024,4032,pixel_4a,0
shoe_right_gray_s,shoe_right_gray_s/wild_set/images/069.jpg,estimation,train,3024,4032,iphone_7plus,0
shoe_right_gray_s,shoe_right_gray_s/wild_set/images/070.jpg,correspondence,train,3024,4032,pixel_4a,0
shoe_right_gray_s,shoe_right_gray_s/wild_set/images/071.jpg,correspondence,train,3024,4032,pixel_4a,0
shoe_right_gray_s,shoe_right_gray_s/wild_set/images/072.jpg,estimation,train,3024,4032,pixel_4a,0
shoe_right_gray_s,shoe_right_gray_s/wild_set/images/073.jpg,estimation,train,4000,6000,sony_a6000,0
shoe_right_gray_s,shoe_right_gray_s/wild_set/images/074.jpg,correspondence,train,3024,4032,pixel_4a,0
shoe_right_gray_s,shoe_right_gray_s/wild_set/images/075.jpg,correspondence,val,3024,4032,pixel_4a,0
shoe_right_gray_s,shoe_right_gray_s/wild_set/images/076.jpg,correspondence,train,3024,4032,pixel_4a,0
shoe_right_gray_s,shoe_right_gray_s/wild_set/images/077.jpg,estimation,train,3024,4032,pixel_4a,0
shoe_right_gray_s,shoe_right_gray_s/wild_set/images/078.jpg,estimation,val,3024,4032,pixel_4a,0
soldier_wood_showpiece,soldier_wood_showpiece/wild_set/images/000.jpg,estimation,train,3024,4032,pixel_4a,0
soldier_wood_showpiece,soldier_wood_showpiece/wild_set/images/001.jpg,estimation,train,3024,4032,pixel_4a,0
soldier_wood_showpiece,soldier_wood_showpiece/wild_set/images/002.jpg,estimation,train,3024,4032,pixel_4a,0
soldier_wood_showpiece,soldier_wood_showpiece/wild_set/images/003.jpg,correspondence,train,3024,4032,pixel_4a,0
soldier_wood_showpiece,soldier_wood_showpiece/wild_set/images/004.jpg,correspondence,train,3024,4032,pixel_4a,0
soldier_wood_showpiece,soldier_wood_showpiece/wild_set/images/005.jpg,correspondence,train,3024,4032,pixel_4a,0
soldier_wood_showpiece,soldier_wood_showpiece/wild_set/images/006.jpg,correspondence,train,3024,4032,pixel_4a,0
soldier_wood_showpiece,soldier_wood_showpiece/wild_set/images/007.jpg,correspondence,val,3024,4032,pixel_4a,0
soldier_wood_showpiece,soldier_wood_showpiece/wild_set/images/008.jpg,correspondence,train,3024,4032,pixel_4a,0
soldier_wood_showpiece,soldier_wood_showpiece/wild_set/images/009.jpg,estimation,train,3024,4032,pixel_4a,0
soldier_wood_showpiece,soldier_wood_showpiece/wild_set/images/010.jpg,estimation,train,3024,4032,pixel_4a,0
soldier_wood_showpiece,soldier_wood_showpiece/wild_set/images/011.jpg,correspondence,train,3024,4032,pixel_4a,0
soldier_wood_showpiece,soldier_wood_showpiece/wild_set/images/012.jpg,estimation,val,4000,6000,sony_a6000,0
soldier_wood_showpiece,soldier_wood_showpiece/wild_set/images/013.jpg,correspondence,train,3024,4032,pixel_4a,0
soldier_wood_showpiece,soldier_wood_showpiece/wild_set/images/014.jpg,estimation,train,3024,4032,pixel_4a,0
soldier_wood_showpiece,soldier_wood_showpiece/wild_set/images/015.jpg,correspondence,train,3024,4032,pixel_4a,0
soldier_wood_showpiece,soldier_wood_showpiece/wild_set/images/016.jpg,correspondence,train,4000,6000,sony_a6000,0
soldier_wood_showpiece,soldier_wood_showpiece/wild_set/images/017.jpg,estimation,train,3024,4032,pixel_4a,0
soldier_wood_showpiece,soldier_wood_showpiece/wild_set/images/018.jpg,estimation,val,4000,6000,sony_a6000,0
soldier_wood_showpiece,soldier_wood_showpiece/wild_set/images/019.jpg,correspondence,train,3024,4032,pixel_4a,0
soldier_wood_showpiece,soldier_wood_showpiece/wild_set/images/020.jpg,correspondence,train,3024,4032,pixel_4a,0
soldier_wood_showpiece,soldier_wood_showpiece/wild_set/images/021.jpg,correspondence,train,3024,4032,pixel_4a,0
soldier_wood_showpiece,soldier_wood_showpiece/wild_set/images/022.jpg,correspondence,train,3024,4032,pixel_4a,0
soldier_wood_showpiece,soldier_wood_showpiece/wild_set/images/023.jpg,correspondence,val,3024,4032,pixel_4a,0
soldier_wood_showpiece,soldier_wood_showpiece/wild_set/images/024.jpg,estimation,train,3024,4032,pixel_4a,0
soldier_wood_showpiece,soldier_wood_showpiece/wild_set/images/025.jpg,correspondence,train,3024,4032,iphone_7plus,0
soldier_wood_showpiece,soldier_wood_showpiece/wild_set/images/026.jpg,correspondence,train,3024,4032,pixel_4a,0
soldier_wood_showpiece,soldier_wood_showpiece/wild_set/images/027.jpg,correspondence,train,3024,4032,pixel_4a,0
soldier_wood_showpiece,soldier_wood_showpiece/wild_set/images/028.jpg,estimation,train,4000,6000,sony_a6000,0
soldier_wood_showpiece,soldier_wood_showpiece/wild_set/images/029.jpg,estimation,train,3024,4032,pixel_4a,0
soldier_wood_showpiece,soldier_wood_showpiece/wild_set/images/030.jpg,correspondence,val,3024,4032,pixel_4a,0
soldier_wood_showpiece,soldier_wood_showpiece/wild_set/images/031.jpg,estimation,val,4000,6000,sony_a6000,0
soldier_wood_showpiece,soldier_wood_showpiece/wild_set/images/032.jpg,estimation,train,3024,4032,pixel_4a,0
soldier_wood_showpiece,soldier_wood_showpiece/wild_set/images/033.jpg,correspondence,train,3024,4032,pixel_4a,0
soldier_wood_showpiece,soldier_wood_showpiece/wild_set/images/034.jpg,correspondence,train,3024,4032,pixel_4a,0
soldier_wood_showpiece,soldier_wood_showpiece/wild_set/images/035.jpg,correspondence,train,3024,4032,iphone_7plus,0
soldier_wood_showpiece,soldier_wood_showpiece/wild_set/images/036.jpg,estimation,train,4032,3024,pixel_4a,0
soldier_wood_showpiece,soldier_wood_showpiece/wild_set/images/037.jpg,estimation,train,3024,4032,pixel_4a,0
soldier_wood_showpiece,soldier_wood_showpiece/wild_set/images/038.jpg,estimation,train,3024,4032,iphone_7plus,0
soldier_wood_showpiece,soldier_wood_showpiece/wild_set/images/039.jpg,estimation,train,3024,4032,pixel_4a,0
soldier_wood_showpiece,soldier_wood_showpiece/wild_set/images/040.jpg,estimation,train,3024,4032,pixel_4a,0
soldier_wood_showpiece,soldier_wood_showpiece/wild_set/images/041.jpg,estimation,val,3024,4032,pixel_4a,0
soldier_wood_showpiece,soldier_wood_showpiece/wild_set/images/042.jpg,correspondence,train,4000,6000,sony_a6000,0
soldier_wood_showpiece,soldier_wood_showpiece/wild_set/images/043.jpg,estimation,train,3024,4032,pixel_4a,0
soldier_wood_showpiece,soldier_wood_showpiece/wild_set/images/044.jpg,estimation,train,3024,4032,pixel_4a,0
soldier_wood_showpiece,soldier_wood_showpiece/wild_set/images/045.jpg,correspondence,train,3024,4032,iphone_7plus,0
soldier_wood_showpiece,soldier_wood_showpiece/wild_set/images/046.jpg,estimation,val,3024,4032,pixel_4a,0
soldier_wood_showpiece,soldier_wood_showpiece/wild_set/images/047.jpg,correspondence,val,3024,4032,iphone_7plus,0
soldier_wood_showpiece,soldier_wood_showpiece/wild_set/images/048.jpg,correspondence,train,3024,4032,pixel_4a,0
soldier_wood_showpiece,soldier_wood_showpiece/wild_set/images/049.jpg,estimation,train,3024,4032,pixel_4a,0
soldier_wood_showpiece,soldier_wood_showpiece/wild_set/images/050.jpg,estimation,val,3024,4032,pixel_4a,0
soldier_wood_showpiece,soldier_wood_showpiece/wild_set/images/051.jpg,estimation,train,4032,3024,iphone_7plus,0
soldier_wood_showpiece,soldier_wood_showpiece/wild_set/images/052.jpg,estimation,train,4000,6000,sony_a6000,0
soldier_wood_showpiece,soldier_wood_showpiece/wild_set/images/053.jpg,estimation,train,3024,4032,pixel_4a,0
soldier_wood_showpiece,soldier_wood_showpiece/wild_set/images/054.jpg,estimation,train,3024,4032,iphone_7plus,0
soldier_wood_showpiece,soldier_wood_showpiece/wild_set/images/055.jpg,correspondence,train,4000,6000,sony_a6000,0
soldier_wood_showpiece,soldier_wood_showpiece/wild_set/images/056.jpg,estimation,train,3024,4032,pixel_4a,0
soldier_wood_showpiece,soldier_wood_showpiece/wild_set/images/057.jpg,estimation,train,3024,4032,iphone_7plus,0
soldier_wood_showpiece,soldier_wood_showpiece/wild_set/images/058.jpg,estimation,train,3024,4032,pixel_4a,0
soldier_wood_showpiece,soldier_wood_showpiece/wild_set/images/059.jpg,correspondence,train,3024,4032,pixel_4a,0
soldier_wood_showpiece,soldier_wood_showpiece/wild_set/images/060.jpg,correspondence,train,3024,4032,pixel_4a,0
soldier_wood_showpiece,soldier_wood_showpiece/wild_set/images/061.jpg,correspondence,val,4000,6000,sony_a6000,0
soldier_wood_showpiece,soldier_wood_showpiece/wild_set/images/062.jpg,correspondence,train,4032,3024,iphone_7plus,0
soldier_wood_showpiece,soldier_wood_showpiece/wild_set/images/063.jpg,estimation,train,3024,4032,pixel_4a,0
soldier_wood_showpiece,soldier_wood_showpiece/wild_set/images/064.jpg,estimation,train,3024,4032,pixel_4a,0
soldier_wood_showpiece,soldier_wood_showpiece/wild_set/images/065.jpg,estimation,train,3024,4032,pixel_4a,0
soldier_wood_showpiece,soldier_wood_showpiece/wild_set/images/066.jpg,correspondence,train,3024,4032,pixel_4a,0
soldier_wood_showpiece,soldier_wood_showpiece/wild_set/images/067.jpg,correspondence,train,3024,4032,pixel_4a,0
soldier_wood_showpiece,soldier_wood_showpiece/wild_set/images/068.jpg,correspondence,train,3024,4032,pixel_4a,0
soldier_wood_showpiece,soldier_wood_showpiece/wild_set/images/069.jpg,estimation,train,3024,4032,iphone_7plus,0
soldier_wood_showpiece,soldier_wood_showpiece/wild_set/images/070.jpg,correspondence,val,4032,3024,pixel_4a,0
soldier_wood_showpiece,soldier_wood_showpiece/wild_set/images/071.jpg,estimation,train,3024,4032,pixel_4a,0
soldier_wood_showpiece,soldier_wood_showpiece/wild_set/images/072.jpg,correspondence,val,4000,6000,sony_a6000,0
soldier_wood_showpiece,soldier_wood_showpiece/wild_set/images/073.jpg,estimation,val,3024,4032,pixel_4a,0
soldier_wood_showpiece,soldier_wood_showpiece/wild_set/images/074.jpg,estimation,val,3024,4032,pixel_4a,0
soldier_wood_showpiece,soldier_wood_showpiece/wild_set/images/075.jpg,correspondence,val,3024,4032,pixel_4a,0
soldier_wood_showpiece,soldier_wood_showpiece/wild_set/images/076.jpg,correspondence,train,3024,4032,pixel_4a,0
soldier_wood_showpiece,soldier_wood_showpiece/wild_set/images/077.jpg,correspondence,train,3024,4032,pixel_4a,0
steps_small_showpiece,steps_small_showpiece/wild_set/images/000.jpg,estimation,train,3072,4080,pixel_6pro,0
steps_small_showpiece,steps_small_showpiece/wild_set/images/001.jpg,correspondence,train,3024,4032,iphone_7plus,0
steps_small_showpiece,steps_small_showpiece/wild_set/images/002.jpg,correspondence,train,3024,4032,iphone_7plus,0
steps_small_showpiece,steps_small_showpiece/wild_set/images/003.jpg,correspondence,train,3024,4032,pixel_4a,0
steps_small_showpiece,steps_small_showpiece/wild_set/images/004.jpg,correspondence,train,4000,6000,sony_a6000,0
steps_small_showpiece,steps_small_showpiece/wild_set/images/005.jpg,correspondence,train,3072,4080,pixel_6pro,0
steps_small_showpiece,steps_small_showpiece/wild_set/images/006.jpg,estimation,train,3024,4032,pixel_4a,0
steps_small_showpiece,steps_small_showpiece/wild_set/images/007.jpg,correspondence,train,3024,4032,pixel_4a,0
steps_small_showpiece,steps_small_showpiece/wild_set/images/008.jpg,correspondence,train,3072,4080,pixel_6pro,0
steps_small_showpiece,steps_small_showpiece/wild_set/images/009.jpg,estimation,val,4000,6000,sony_a6000,0
steps_small_showpiece,steps_small_showpiece/wild_set/images/010.jpg,estimation,train,3024,4032,pixel_4a,0
steps_small_showpiece,steps_small_showpiece/wild_set/images/011.jpg,estimation,val,3024,4032,pixel_4a,0
steps_small_showpiece,steps_small_showpiece/wild_set/images/012.jpg,correspondence,train,3072,4080,pixel_6pro,0
steps_small_showpiece,steps_small_showpiece/wild_set/images/013.jpg,estimation,train,3024,4032,pixel_4a,0
steps_small_showpiece,steps_small_showpiece/wild_set/images/014.jpg,correspondence,train,3024,4032,iphone_7plus,0
steps_small_showpiece,steps_small_showpiece/wild_set/images/015.jpg,estimation,train,4000,6000,sony_a6000,0
steps_small_showpiece,steps_small_showpiece/wild_set/images/016.jpg,correspondence,train,3024,4032,iphone_7plus,0
steps_small_showpiece,steps_small_showpiece/wild_set/images/017.jpg,correspondence,train,3024,4032,pixel_4a,0
steps_small_showpiece,steps_small_showpiece/wild_set/images/018.jpg,estimation,train,3024,4032,pixel_4a,0
steps_small_showpiece,steps_small_showpiece/wild_set/images/019.jpg,estimation,train,3072,4080,pixel_6pro,0
steps_small_showpiece,steps_small_showpiece/wild_set/images/020.jpg,estimation,train,3024,4032,iphone_7plus,0
steps_small_showpiece,steps_small_showpiece/wild_set/images/021.jpg,correspondence,val,3024,4032,pixel_4a,0
steps_small_showpiece,steps_small_showpiece/wild_set/images/022.jpg,correspondence,train,3024,4032,pixel_4a,0
steps_small_showpiece,steps_small_showpiece/wild_set/images/023.jpg,estimation,val,3024,4032,iphone_7plus,0
steps_small_showpiece,steps_small_showpiece/wild_set/images/024.jpg,correspondence,val,3024,4032,pixel_4a,0
steps_small_showpiece,steps_small_showpiece/wild_set/images/025.jpg,estimation,val,3072,4080,pixel_6pro,0
steps_small_showpiece,steps_small_showpiece/wild_set/images/026.jpg,correspondence,train,3024,4032,pixel_4a,0
steps_small_showpiece,steps_small_showpiece/wild_set/images/027.jpg,correspondence,train,4000,6000,sony_a6000,0
steps_small_showpiece,steps_small_showpiece/wild_set/images/028.jpg,correspondence,val,3024,4032,iphone_7plus,0
steps_small_showpiece,steps_small_showpiece/wild_set/images/029.jpg,correspondence,train,3072,4080,pixel_6pro,0
steps_small_showpiece,steps_small_showpiece/wild_set/images/030.jpg,estimation,train,4000,6000,sony_a6000,0
steps_small_showpiece,steps_small_showpiece/wild_set/images/031.jpg,estimation,train,3024,4032,iphone_7plus,0
steps_small_showpiece,steps_small_showpiece/wild_set/images/032.jpg,correspondence,train,3024,4032,pixel_4a,0
steps_small_showpiece,steps_small_showpiece/wild_set/images/033.jpg,estimation,train,3024,4032,pixel_4a,0
steps_small_showpiece,steps_small_showpiece/wild_set/images/034.jpg,correspondence,train,4000,6000,sony_a6000,0
steps_small_showpiece,steps_small_showpiece/wild_set/images/035.jpg,estimation,train,3024,4032,iphone_7plus,0
steps_small_showpiece,steps_small_showpiece/wild_set/images/036.jpg,estimation,train,3024,4032,pixel_4a,0
steps_small_showpiece,steps_small_showpiece/wild_set/images/037.jpg,estimation,train,3072,4080,pixel_6pro,0
steps_small_showpiece,steps_small_showpiece/wild_set/images/038.jpg,correspondence,train,4000,6000,sony_a6000,0
steps_small_showpiece,steps_small_showpiece/wild_set/images/039.jpg,estimation,val,3072,4080,pixel_6pro,0
steps_small_showpiece,steps_small_showpiece/wild_set/images/040.jpg,estimation,train,3024,4032,pixel_4a,0
steps_small_showpiece,steps_small_showpiece/wild_set/images/041.jpg,correspondence,val,3072,4080,pixel_6pro,0
steps_small_showpiece,steps_small_showpiece/wild_set/images/042.jpg,estimation,train,4032,3024,iphone_7plus,0
steps_small_showpiece,steps_small_showpiece/wild_set/images/043.jpg,estimation,train,4000,6000,sony_a6000,0
steps_small_showpiece,steps_small_showpiece/wild_set/images/044.jpg,correspondence,train,3024,4032,pixel_4a,0
steps_small_showpiece,steps_small_showpiece/wild_set/images/045.jpg,estimation,train,3024,4032,pixel_4a,0
steps_small_showpiece,steps_small_showpiece/wild_set/images/046.jpg,correspondence,val,4000,6000,sony_a6000,0
steps_small_showpiece,steps_small_showpiece/wild_set/images/047.jpg,estimation,train,4000,6000,sony_a6000,0
steps_small_showpiece,steps_small_showpiece/wild_set/images/048.jpg,correspondence,train,3024,4032,pixel_4a,0
steps_small_showpiece,steps_small_showpiece/wild_set/images/049.jpg,estimation,train,3024,4032,pixel_4a,0
tractor_green_showpiece,tractor_green_showpiece/wild_set/images/000.jpg,correspondence,train,3072,4080,pixel_6pro,0
tractor_green_showpiece,tractor_green_showpiece/wild_set/images/001.jpg,estimation,train,3024,4032,iphone_7plus,0
tractor_green_showpiece,tractor_green_showpiece/wild_set/images/002.jpg,correspondence,val,3024,4032,iphone_7plus,0
tractor_green_showpiece,tractor_green_showpiece/wild_set/images/003.jpg,estimation,train,3024,4032,pixel_4a,0
tractor_green_showpiece,tractor_green_showpiece/wild_set/images/004.jpg,correspondence,train,4000,6000,sony_a6000,0
tractor_green_showpiece,tractor_green_showpiece/wild_set/images/005.jpg,correspondence,train,3072,4080,pixel_6pro,0
tractor_green_showpiece,tractor_green_showpiece/wild_set/images/006.jpg,estimation,val,3024,4032,pixel_4a,0
tractor_green_showpiece,tractor_green_showpiece/wild_set/images/007.jpg,correspondence,train,3024,4032,pixel_4a,0
tractor_green_showpiece,tractor_green_showpiece/wild_set/images/008.jpg,correspondence,train,3072,4080,pixel_6pro,0
tractor_green_showpiece,tractor_green_showpiece/wild_set/images/009.jpg,estimation,train,4000,6000,sony_a6000,0
tractor_green_showpiece,tractor_green_showpiece/wild_set/images/010.jpg,estimation,train,3024,4032,pixel_4a,0
tractor_green_showpiece,tractor_green_showpiece/wild_set/images/011.jpg,estimation,train,3024,4032,pixel_4a,0
tractor_green_showpiece,tractor_green_showpiece/wild_set/images/012.jpg,correspondence,train,4080,3072,pixel_6pro,0
tractor_green_showpiece,tractor_green_showpiece/wild_set/images/013.jpg,correspondence,val,3024,4032,pixel_4a,0
tractor_green_showpiece,tractor_green_showpiece/wild_set/images/014.jpg,estimation,train,3024,4032,iphone_7plus,0
tractor_green_showpiece,tractor_green_showpiece/wild_set/images/015.jpg,correspondence,train,4000,6000,sony_a6000,0
tractor_green_showpiece,tractor_green_showpiece/wild_set/images/016.jpg,correspondence,train,3024,4032,iphone_7plus,0
tractor_green_showpiece,tractor_green_showpiece/wild_set/images/017.jpg,estimation,val,3024,4032,pixel_4a,0
tractor_green_showpiece,tractor_green_showpiece/wild_set/images/018.jpg,estimation,val,3024,4032,pixel_4a,0
tractor_green_showpiece,tractor_green_showpiece/wild_set/images/019.jpg,estimation,train,3072,4080,pixel_6pro,0
tractor_green_showpiece,tractor_green_showpiece/wild_set/images/020.jpg,correspondence,val,3024,4032,iphone_7plus,0
tractor_green_showpiece,tractor_green_showpiece/wild_set/images/021.jpg,correspondence,train,3024,4032,pixel_4a,0
tractor_green_showpiece,tractor_green_showpiece/wild_set/images/022.jpg,correspondence,train,3024,4032,pixel_4a,0
tractor_green_showpiece,tractor_green_showpiece/wild_set/images/023.jpg,estimation,train,3024,4032,iphone_7plus,0
tractor_green_showpiece,tractor_green_showpiece/wild_set/images/024.jpg,correspondence,val,3024,4032,pixel_4a,0
tractor_green_showpiece,tractor_green_showpiece/wild_set/images/025.jpg,estimation,train,3072,4080,pixel_6pro,0
tractor_green_showpiece,tractor_green_showpiece/wild_set/images/026.jpg,correspondence,train,3024,4032,pixel_4a,0
tractor_green_showpiece,tractor_green_showpiece/wild_set/images/027.jpg,correspondence,train,4000,6000,sony_a6000,0
tractor_green_showpiece,tractor_green_showpiece/wild_set/images/028.jpg,correspondence,train,3024,4032,iphone_7plus,0
tractor_green_showpiece,tractor_green_showpiece/wild_set/images/029.jpg,estimation,train,3072,4080,pixel_6pro,0
tractor_green_showpiece,tractor_green_showpiece/wild_set/images/030.jpg,estimation,train,4000,6000,sony_a6000,0
tractor_green_showpiece,tractor_green_showpiece/wild_set/images/031.jpg,estimation,train,3024,4032,iphone_7plus,0
tractor_green_showpiece,tractor_green_showpiece/wild_set/images/032.jpg,correspondence,val,3024,4032,pixel_4a,0
tractor_green_showpiece,tractor_green_showpiece/wild_set/images/033.jpg,correspondence,train,3024,4032,pixel_4a,0
tractor_green_showpiece,tractor_green_showpiece/wild_set/images/034.jpg,estimation,train,4000,6000,sony_a6000,0
tractor_green_showpiece,tractor_green_showpiece/wild_set/images/035.jpg,correspondence,train,3024,4032,iphone_7plus,0
tractor_green_showpiece,tractor_green_showpiece/wild_set/images/036.jpg,correspondence,train,3024,4032,pixel_4a,0
tractor_green_showpiece,tractor_green_showpiece/wild_set/images/037.jpg,correspondence,train,3072,4080,pixel_6pro,0
tractor_green_showpiece,tractor_green_showpiece/wild_set/images/038.jpg,estimation,train,4000,6000,sony_a6000,0
tractor_green_showpiece,tractor_green_showpiece/wild_set/images/039.jpg,estimation,train,3072,4080,pixel_6pro,0
tractor_green_showpiece,tractor_green_showpiece/wild_set/images/040.jpg,correspondence,train,3024,4032,pixel_4a,0
tractor_green_showpiece,tractor_green_showpiece/wild_set/images/041.jpg,estimation,train,3072,4080,pixel_6pro,0
tractor_green_showpiece,tractor_green_showpiece/wild_set/images/042.jpg,estimation,val,3024,4032,iphone_7plus,0
tractor_green_showpiece,tractor_green_showpiece/wild_set/images/043.jpg,correspondence,train,4000,6000,sony_a6000,0
tractor_green_showpiece,tractor_green_showpiece/wild_set/images/044.jpg,estimation,train,3024,4032,pixel_4a,0
tractor_green_showpiece,tractor_green_showpiece/wild_set/images/045.jpg,estimation,train,3024,4032,pixel_4a,0
tractor_green_showpiece,tractor_green_showpiece/wild_set/images/046.jpg,estimation,val,4000,6000,sony_a6000,0
tractor_green_showpiece,tractor_green_showpiece/wild_set/images/047.jpg,correspondence,train,4000,6000,sony_a6000,0
tractor_green_showpiece,tractor_green_showpiece/wild_set/images/048.jpg,estimation,train,3024,4032,pixel_4a,0
tractor_green_showpiece,tractor_green_showpiece/wild_set/images/049.jpg,estimation,train,3024,4032,pixel_4a,0
tumbler_air_balloon,tumbler_air_balloon/wild_set/images/000.jpg,estimation,train,3072,4080,pixel_6pro,0
tumbler_air_balloon,tumbler_air_balloon/wild_set/images/001.jpg,correspondence,train,3024,4032,iphone_7plus,0
tumbler_air_balloon,tumbler_air_balloon/wild_set/images/002.jpg,correspondence,train,3024,4032,iphone_7plus,0
tumbler_air_balloon,tumbler_air_balloon/wild_set/images/003.jpg,correspondence,train,3024,4032,pixel_4a,0
tumbler_air_balloon,tumbler_air_balloon/wild_set/images/004.jpg,estimation,train,4000,6000,sony_a6000,0
tumbler_air_balloon,tumbler_air_balloon/wild_set/images/005.jpg,correspondence,train,3072,4080,pixel_6pro,0
tumbler_air_balloon,tumbler_air_balloon/wild_set/images/006.jpg,correspondence,train,3024,4032,pixel_4a,0
tumbler_air_balloon,tumbler_air_balloon/wild_set/images/007.jpg,estimation,train,3024,4032,pixel_4a,0
tumbler_air_balloon,tumbler_air_balloon/wild_set/images/008.jpg,estimation,train,3072,4080,pixel_6pro,0
tumbler_air_balloon,tumbler_air_balloon/wild_set/images/009.jpg,correspondence,val,4000,6000,sony_a6000,0
tumbler_air_balloon,tumbler_air_balloon/wild_set/images/010.jpg,estimation,train,3024,4032,pixel_4a,0
tumbler_air_balloon,tumbler_air_balloon/wild_set/images/011.jpg,correspondence,train,3024,4032,pixel_4a,0
tumbler_air_balloon,tumbler_air_balloon/wild_set/images/012.jpg,correspondence,train,3072,4080,pixel_6pro,0
tumbler_air_balloon,tumbler_air_balloon/wild_set/images/013.jpg,estimation,train,3024,4032,pixel_4a,0
tumbler_air_balloon,tumbler_air_balloon/wild_set/images/014.jpg,estimation,val,3024,4032,iphone_7plus,0
tumbler_air_balloon,tumbler_air_balloon/wild_set/images/015.jpg,estimation,train,4000,6000,sony_a6000,0
tumbler_air_balloon,tumbler_air_balloon/wild_set/images/016.jpg,estimation,train,3024,4032,iphone_7plus,0
tumbler_air_balloon,tumbler_air_balloon/wild_set/images/017.jpg,estimation,val,3024,4032,pixel_4a,0
tumbler_air_balloon,tumbler_air_balloon/wild_set/images/018.jpg,correspondence,train,3024,4032,pixel_4a,0
tumbler_air_balloon,tumbler_air_balloon/wild_set/images/019.jpg,correspondence,train,3072,4080,pixel_6pro,0
tumbler_air_balloon,tumbler_air_balloon/wild_set/images/020.jpg,correspondence,val,3024,4032,iphone_7plus,0
tumbler_air_balloon,tumbler_air_balloon/wild_set/images/021.jpg,estimation,train,3024,4032,pixel_4a,0
tumbler_air_balloon,tumbler_air_balloon/wild_set/images/022.jpg,correspondence,train,3024,4032,pixel_4a,0
tumbler_air_balloon,tumbler_air_balloon/wild_set/images/023.jpg,estimation,train,3024,4032,iphone_7plus,0
tumbler_air_balloon,tumbler_air_balloon/wild_set/images/024.jpg,correspondence,train,3024,4032,pixel_4a,0
tumbler_air_balloon,tumbler_air_balloon/wild_set/images/025.jpg,estimation,train,3072,4080,pixel_6pro,0
tumbler_air_balloon,tumbler_air_balloon/wild_set/images/026.jpg,estimation,train,3024,4032,pixel_4a,0
tumbler_air_balloon,tumbler_air_balloon/wild_set/images/027.jpg,estimation,train,4000,6000,sony_a6000,0
tumbler_air_balloon,tumbler_air_balloon/wild_set/images/028.jpg,correspondence,train,3024,4032,iphone_7plus,0
tumbler_air_balloon,tumbler_air_balloon/wild_set/images/029.jpg,correspondence,val,3072,4080,pixel_6pro,0
tumbler_air_balloon,tumbler_air_balloon/wild_set/images/030.jpg,correspondence,train,4000,6000,sony_a6000,0
tumbler_air_balloon,tumbler_air_balloon/wild_set/images/031.jpg,correspondence,val,3024,4032,iphone_7plus,0
tumbler_air_balloon,tumbler_air_balloon/wild_set/images/032.jpg,estimation,train,3024,4032,pixel_4a,0
tumbler_air_balloon,tumbler_air_balloon/wild_set/images/033.jpg,estimation,val,3024,4032,pixel_4a,0
tumbler_air_balloon,tumbler_air_balloon/wild_set/images/034.jpg,correspondence,train,4000,6000,sony_a6000,0
tumbler_air_balloon,tumbler_air_balloon/wild_set/images/035.jpg,estimation,val,3024,4032,iphone_7plus,0
tumbler_air_balloon,tumbler_air_balloon/wild_set/images/036.jpg,correspondence,train,3024,4032,pixel_4a,0
tumbler_air_balloon,tumbler_air_balloon/wild_set/images/037.jpg,estimation,train,3072,4080,pixel_6pro,0
tumbler_air_balloon,tumbler_air_balloon/wild_set/images/038.jpg,correspondence,train,4000,6000,sony_a6000,0
tumbler_air_balloon,tumbler_air_balloon/wild_set/images/039.jpg,correspondence,train,3072,4080,pixel_6pro,0
tumbler_air_balloon,tumbler_air_balloon/wild_set/images/040.jpg,correspondence,train,3024,4032,pixel_4a,0
tumbler_air_balloon,tumbler_air_balloon/wild_set/images/041.jpg,estimation,train,3072,4080,pixel_6pro,0
tumbler_air_balloon,tumbler_air_balloon/wild_set/images/042.jpg,estimation,train,4032,3024,iphone_7plus,0
tumbler_air_balloon,tumbler_air_balloon/wild_set/images/043.jpg,estimation,val,4000,6000,sony_a6000,0
tumbler_air_balloon,tumbler_air_balloon/wild_set/images/044.jpg,correspondence,train,3024,4032,pixel_4a,0
tumbler_air_balloon,tumbler_air_balloon/wild_set/images/045.jpg,correspondence,train,3024,4032,pixel_4a,0
tumbler_air_balloon,tumbler_air_balloon/wild_set/images/046.jpg,estimation,train,4000,6000,sony_a6000,0
tumbler_air_balloon,tumbler_air_balloon/wild_set/images/047.jpg,correspondence,val,4000,6000,sony_a6000,0
tumbler_air_balloon,tumbler_air_balloon/wild_set/images/048.jpg,estimation,train,3024,4032,pixel_4a,0
tumbler_air_balloon,tumbler_air_balloon/wild_set/images/049.jpg,estimation,train,3024,4032,pixel_4a,0
water_gun_toy_green,water_gun_toy_green/wild_set/images/000.jpg,correspondence,train,3072,4080,pixel_6pro,0
water_gun_toy_green,water_gun_toy_green/wild_set/images/001.jpg,estimation,val,4000,6000,sony_a6000,0
water_gun_toy_green,water_gun_toy_green/wild_set/images/002.jpg,correspondence,train,4080,3072,pixel_6pro,0
water_gun_toy_green,water_gun_toy_green/wild_set/images/003.jpg,correspondence,train,3024,4032,pixel_4a,0
water_gun_toy_green,water_gun_toy_green/wild_set/images/004.jpg,correspondence,train,3024,4032,pixel_4a,0
water_gun_toy_green,water_gun_toy_green/wild_set/images/005.jpg,estimation,train,3024,4032,pixel_4a,0
water_gun_toy_green,water_gun_toy_green/wild_set/images/006.jpg,estimation,train,3024,4032,pixel_4a,0
water_gun_toy_green,water_gun_toy_green/wild_set/images/007.jpg,estimation,train,3024,4032,pixel_4a,0
water_gun_toy_green,water_gun_toy_green/wild_set/images/008.jpg,estimation,train,4000,6000,sony_a6000,0
water_gun_toy_green,water_gun_toy_green/wild_set/images/009.jpg,correspondence,train,3024,4032,iphone_7plus,0
water_gun_toy_green,water_gun_toy_green/wild_set/images/010.jpg,correspondence,train,4032,3024,iphone_7plus,0
water_gun_toy_green,water_gun_toy_green/wild_set/images/011.jpg,correspondence,val,3024,4032,pixel_4a,0
water_gun_toy_green,water_gun_toy_green/wild_set/images/012.jpg,estimation,train,3024,4032,pixel_4a,0
water_gun_toy_green,water_gun_toy_green/wild_set/images/013.jpg,estimation,train,3072,4080,pixel_6pro,0
water_gun_toy_green,water_gun_toy_green/wild_set/images/014.jpg,correspondence,train,3024,4032,pixel_4a,0
water_gun_toy_green,water_gun_toy_green/wild_set/images/015.jpg,correspondence,train,4000,6000,sony_a6000,0
water_gun_toy_green,water_gun_toy_green/wild_set/images/016.jpg,estimation,train,3024,4032,pixel_4a,0
water_gun_toy_green,water_gun_toy_green/wild_set/images/017.jpg,correspondence,val,3024,4032,iphone_7plus,0
water_gun_toy_green,water_gun_toy_green/wild_set/images/018.jpg,estimation,train,3024,4032,iphone_7plus,0
water_gun_toy_green,water_gun_toy_green/wild_set/images/019.jpg,estimation,train,3072,4080,pixel_6pro,0
water_gun_toy_green,water_gun_toy_green/wild_set/images/020.jpg,estimation,train,3072,4080,pixel_6pro,0
water_gun_toy_green,water_gun_toy_green/wild_set/images/021.jpg,estimation,train,3024,4032,iphone_7plus,0
water_gun_toy_green,water_gun_toy_green/wild_set/images/022.jpg,correspondence,train,3024,4032,pixel_4a,0
water_gun_toy_green,water_gun_toy_green/wild_set/images/023.jpg,estimation,val,3072,4080,pixel_6pro,0
water_gun_toy_green,water_gun_toy_green/wild_set/images/024.jpg,estimation,train,3024,4032,pixel_4a,0
water_gun_toy_green,water_gun_toy_green/wild_set/images/025.jpg,correspondence,train,4000,6000,sony_a6000,0
water_gun_toy_green,water_gun_toy_green/wild_set/images/026.jpg,correspondence,train,3024,4032,iphone_7plus,0
water_gun_toy_green,water_gun_toy_green/wild_set/images/027.jpg,estimation,train,3072,4080,pixel_6pro,0
water_gun_toy_green,water_gun_toy_green/wild_set/images/028.jpg,estimation,train,4000,6000,sony_a6000,0
water_gun_toy_green,water_gun_toy_green/wild_set/images/029.jpg,estimation,val,3024,4032,iphone_7plus,0
water_gun_toy_green,water_gun_toy_green/wild_set/images/030.jpg,estimation,train,3024,4032,pixel_4a,0
water_gun_toy_green,water_gun_toy_green/wild_set/images/031.jpg,estimation,train,3024,4032,iphone_7plus,0
water_gun_toy_green,water_gun_toy_green/wild_set/images/032.jpg,estimation,train,3024,4032,pixel_4a,0
water_gun_toy_green,water_gun_toy_green/wild_set/images/033.jpg,correspondence,train,4000,6000,sony_a6000,0
water_gun_toy_green,water_gun_toy_green/wild_set/images/034.jpg,estimation,val,3024,4032,iphone_7plus,0
water_gun_toy_green,water_gun_toy_green/wild_set/images/035.jpg,correspondence,val,3024,4032,pixel_4a,0
water_gun_toy_green,water_gun_toy_green/wild_set/images/036.jpg,correspondence,train,3072,4080,pixel_6pro,0
water_gun_toy_green,water_gun_toy_green/wild_set/images/037.jpg,correspondence,train,4000,6000,sony_a6000,0
water_gun_toy_green,water_gun_toy_green/wild_set/images/038.jpg,correspondence,train,3072,4080,pixel_6pro,0
water_gun_toy_green,water_gun_toy_green/wild_set/images/039.jpg,correspondence,val,3024,4032,pixel_4a,0
water_gun_toy_green,water_gun_toy_green/wild_set/images/040.jpg,correspondence,train,3072,4080,pixel_6pro,0
water_gun_toy_green,water_gun_toy_green/wild_set/images/041.jpg,correspondence,val,3024,4032,iphone_7plus,0
water_gun_toy_green,water_gun_toy_green/wild_set/images/042.jpg,estimation,val,4000,6000,sony_a6000,0
water_gun_toy_green,water_gun_toy_green/wild_set/images/043.jpg,correspondence,train,3024,4032,pixel_4a,0
water_gun_toy_green,water_gun_toy_green/wild_set/images/044.jpg,correspondence,train,3024,4032,pixel_4a,0
water_gun_toy_green,water_gun_toy_green/wild_set/images/045.jpg,estimation,train,4000,6000,sony_a6000,0
water_gun_toy_green,water_gun_toy_green/wild_set/images/046.jpg,correspondence,train,4000,6000,sony_a6000,0
water_gun_toy_green,water_gun_toy_green/wild_set/images/047.jpg,correspondence,train,3024,4032,pixel_4a,0
water_gun_toy_green,water_gun_toy_green/wild_set/images/048.jpg,estimation,train,3024,4032,pixel_4a,0
water_gun_toy_white,water_gun_toy_white/wild_set/images/000.jpg,estimation,train,3024,4032,pixel_4a,0
water_gun_toy_white,water_gun_toy_white/wild_set/images/001.jpg,estimation,train,4000,6000,sony_a6000,0
water_gun_toy_white,water_gun_toy_white/wild_set/images/002.jpg,estimation,train,3072,4080,pixel_6pro,0
water_gun_toy_white,water_gun_toy_white/wild_set/images/003.jpg,correspondence,train,3024,4032,pixel_4a,0
water_gun_toy_white,water_gun_toy_white/wild_set/images/004.jpg,estimation,train,3024,4032,pixel_4a,0
water_gun_toy_white,water_gun_toy_white/wild_set/images/005.jpg,correspondence,train,3024,4032,pixel_4a,0
water_gun_toy_white,water_gun_toy_white/wild_set/images/006.jpg,estimation,train,3024,4032,pixel_4a,0
water_gun_toy_white,water_gun_toy_white/wild_set/images/007.jpg,estimation,val,3024,4032,pixel_4a,0
water_gun_toy_white,water_gun_toy_white/wild_set/images/008.jpg,estimation,val,4000,6000,sony_a6000,0
water_gun_toy_white,water_gun_toy_white/wild_set/images/009.jpg,estimation,train,3024,4032,iphone_7plus,0
water_gun_toy_white,water_gun_toy_white/wild_set/images/010.jpg,estimation,train,4032,3024,iphone_7plus,0
water_gun_toy_white,water_gun_toy_white/wild_set/images/011.jpg,correspondence,train,3024,4032,pixel_4a,0
water_gun_toy_white,water_gun_toy_white/wild_set/images/012.jpg,estimation,train,3024,4032,pixel_4a,0
water_gun_toy_white,water_gun_toy_white/wild_set/images/013.jpg,estimation,train,3072,4080,pixel_6pro,0
water_gun_toy_white,water_gun_toy_white/wild_set/images/014.jpg,correspondence,train,3024,4032,pixel_4a,0
water_gun_toy_white,water_gun_toy_white/wild_set/images/015.jpg,estimation,train,4000,6000,sony_a6000,0
water_gun_toy_white,water_gun_toy_white/wild_set/images/016.jpg,estimation,val,3024,4032,pixel_4a,0
water_gun_toy_white,water_gun_toy_white/wild_set/images/017.jpg,estimation,train,3024,4032,iphone_7plus,0
water_gun_toy_white,water_gun_toy_white/wild_set/images/018.jpg,correspondence,train,3024,4032,iphone_7plus,0
water_gun_toy_white,water_gun_toy_white/wild_set/images/019.jpg,estimation,train,3072,4080,pixel_6pro,0
water_gun_toy_white,water_gun_toy_white/wild_set/images/020.jpg,estimation,train,3072,4080,pixel_6pro,0
water_gun_toy_white,water_gun_toy_white/wild_set/images/021.jpg,correspondence,val,3024,4032,iphone_7plus,0
water_gun_toy_white,water_gun_toy_white/wild_set/images/022.jpg,estimation,train,3024,4032,pixel_4a,0
water_gun_toy_white,water_gun_toy_white/wild_set/images/023.jpg,correspondence,train,3072,4080,pixel_6pro,0
water_gun_toy_white,water_gun_toy_white/wild_set/images/024.jpg,correspondence,train,3024,4032,pixel_4a,0
water_gun_toy_white,water_gun_toy_white/wild_set/images/025.jpg,correspondence,train,4000,6000,sony_a6000,0
water_gun_toy_white,water_gun_toy_white/wild_set/images/026.jpg,correspondence,train,3024,4032,iphone_7plus,0
water_gun_toy_white,water_gun_toy_white/wild_set/images/027.jpg,correspondence,train,3072,4080,pixel_6pro,0
water_gun_toy_white,water_gun_toy_white/wild_set/images/028.jpg,correspondence,train,4000,6000,sony_a6000,0
water_gun_toy_white,water_gun_toy_white/wild_set/images/029.jpg,estimation,train,3024,4032,iphone_7plus,0
water_gun_toy_white,water_gun_toy_white/wild_set/images/030.jpg,correspondence,train,3024,4032,pixel_4a,0
water_gun_toy_white,water_gun_toy_white/wild_set/images/031.jpg,correspondence,val,3024,4032,iphone_7plus,0
water_gun_toy_white,water_gun_toy_white/wild_set/images/032.jpg,estimation,val,3024,4032,pixel_4a,0
water_gun_toy_white,water_gun_toy_white/wild_set/images/033.jpg,correspondence,train,4000,6000,sony_a6000,0
water_gun_toy_white,water_gun_toy_white/wild_set/images/034.jpg,estimation,train,3024,4032,iphone_7plus,0
water_gun_toy_white,water_gun_toy_white/wild_set/images/035.jpg,estimation,train,3024,4032,pixel_4a,0
water_gun_toy_white,water_gun_toy_white/wild_set/images/036.jpg,correspondence,train,3072,4080,pixel_6pro,0
water_gun_toy_white,water_gun_toy_white/wild_set/images/037.jpg,estimation,val,4000,6000,sony_a6000,0
water_gun_toy_white,water_gun_toy_white/wild_set/images/038.jpg,correspondence,val,3072,4080,pixel_6pro,0
water_gun_toy_white,water_gun_toy_white/wild_set/images/039.jpg,estimation,train,3024,4032,pixel_4a,0
water_gun_toy_white,water_gun_toy_white/wild_set/images/040.jpg,estimation,train,3072,4080,pixel_6pro,0
water_gun_toy_white,water_gun_toy_white/wild_set/images/041.jpg,correspondence,train,4032,3024,iphone_7plus,0
water_gun_toy_white,water_gun_toy_white/wild_set/images/042.jpg,correspondence,train,4000,6000,sony_a6000,0
water_gun_toy_white,water_gun_toy_white/wild_set/images/043.jpg,correspondence,val,3024,4032,pixel_4a,0
water_gun_toy_white,water_gun_toy_white/wild_set/images/044.jpg,correspondence,train,3024,4032,pixel_4a,0
water_gun_toy_white,water_gun_toy_white/wild_set/images/045.jpg,estimation,train,4000,6000,sony_a6000,0
water_gun_toy_white,water_gun_toy_white/wild_set/images/046.jpg,correspondence,train,4000,6000,sony_a6000,0
water_gun_toy_white,water_gun_toy_white/wild_set/images/047.jpg,correspondence,train,3024,4032,pixel_4a,0
water_gun_toy_white,water_gun_toy_white/wild_set/images/048.jpg,correspondence,val,3024,4032,pixel_4a,0
water_gun_toy_yellow,water_gun_toy_yellow/wild_set/images/000.jpg,correspondence,val,3024,4032,pixel_4a,0
water_gun_toy_yellow,water_gun_toy_yellow/wild_set/images/001.jpg,estimation,train,3024,4032,pixel_4a,0
water_gun_toy_yellow,water_gun_toy_yellow/wild_set/images/002.jpg,estimation,train,3024,4032,pixel_4a,0
water_gun_toy_yellow,water_gun_toy_yellow/wild_set/images/003.jpg,correspondence,train,4000,6000,sony_a6000,0
water_gun_toy_yellow,water_gun_toy_yellow/wild_set/images/004.jpg,estimation,train,3024,4032,iphone_7plus,0
water_gun_toy_yellow,water_gun_toy_yellow/wild_set/images/005.jpg,correspondence,val,3024,4032,iphone_7plus,0
water_gun_toy_yellow,water_gun_toy_yellow/wild_set/images/006.jpg,estimation,train,3024,4032,pixel_4a,0
water_gun_toy_yellow,water_gun_toy_yellow/wild_set/images/007.jpg,correspondence,train,3024,4032,pixel_4a,0
water_gun_toy_yellow,water_gun_toy_yellow/wild_set/images/008.jpg,estimation,train,3072,4080,pixel_6pro,0
water_gun_toy_yellow,water_gun_toy_yellow/wild_set/images/009.jpg,estimation,train,3024,4032,iphone_7plus,0
water_gun_toy_yellow,water_gun_toy_yellow/wild_set/images/010.jpg,correspondence,train,3072,4080,pixel_6pro,0
water_gun_toy_yellow,water_gun_toy_yellow/wild_set/images/011.jpg,estimation,train,3024,4032,pixel_4a,0
water_gun_toy_yellow,water_gun_toy_yellow/wild_set/images/012.jpg,correspondence,val,3024,4032,pixel_4a,0
water_gun_toy_yellow,water_gun_toy_yellow/wild_set/images/013.jpg,estimation,val,3024,4032,pixel_4a,0
water_gun_toy_yellow,water_gun_toy_yellow/wild_set/images/014.jpg,correspondence,train,4000,6000,sony_a6000,0
water_gun_toy_yellow,water_gun_toy_yellow/wild_set/images/015.jpg,correspondence,train,3024,4032,pixel_4a,0
water_gun_toy_yellow,water_gun_toy_yellow/wild_set/images/016.jpg,correspondence,train,3072,4080,pixel_6pro,0
water_gun_toy_yellow,water_gun_toy_yellow/wild_set/images/017.jpg,correspondence,train,3024,4032,iphone_7plus,0
water_gun_toy_yellow,water_gun_toy_yellow/wild_set/images/018.jpg,estimation,train,3072,4080,pixel_6pro,0
water_gun_toy_yellow,water_gun_toy_yellow/wild_set/images/019.jpg,estimation,train,3024,4032,iphone_7plus,0
water_gun_toy_yellow,water_gun_toy_yellow/wild_set/images/020.jpg,correspondence,train,3024,4032,pixel_4a,0
water_gun_toy_yellow,water_gun_toy_yellow/wild_set/images/021.jpg,estimation,train,3072,4080,pixel_6pro,0
water_gun_toy_yellow,water_gun_toy_yellow/wild_set/images/022.jpg,estimation,val,3024,4032,pixel_4a,0
water_gun_toy_yellow,water_gun_toy_yellow/wild_set/images/023.jpg,estimation,train,4000,6000,sony_a6000,0
water_gun_toy_yellow,water_gun_toy_yellow/wild_set/images/024.jpg,estimation,val,3024,4032,iphone_7plus,0
water_gun_toy_yellow,water_gun_toy_yellow/wild_set/images/025.jpg,correspondence,train,4000,6000,sony_a6000,0
water_gun_toy_yellow,water_gun_toy_yellow/wild_set/images/026.jpg,estimation,train,3024,4032,iphone_7plus,0
water_gun_toy_yellow,water_gun_toy_yellow/wild_set/images/027.jpg,estimation,val,3024,4032,pixel_4a,0
water_gun_toy_yellow,water_gun_toy_yellow/wild_set/images/028.jpg,correspondence,train,3024,4032,iphone_7plus,0
water_gun_toy_yellow,water_gun_toy_yellow/wild_set/images/029.jpg,estimation,train,3024,4032,pixel_4a,0
water_gun_toy_yellow,water_gun_toy_yellow/wild_set/images/030.jpg,estimation,train,4000,6000,sony_a6000,0
water_gun_toy_yellow,water_gun_toy_yellow/wild_set/images/031.jpg,correspondence,train,3024,4032,pixel_4a,0
water_gun_toy_yellow,water_gun_toy_yellow/wild_set/images/032.jpg,estimation,train,4000,6000,sony_a6000,0
water_gun_toy_yellow,water_gun_toy_yellow/wild_set/images/033.jpg,correspondence,train,3024,4032,iphone_7plus,0
water_gun_toy_yellow,water_gun_toy_yellow/wild_set/images/034.jpg,estimation,train,3024,4032,pixel_4a,0
water_gun_toy_yellow,water_gun_toy_yellow/wild_set/images/035.jpg,correspondence,train,3072,4080,pixel_6pro,0
water_gun_toy_yellow,water_gun_toy_yellow/wild_set/images/036.jpg,correspondence,train,4000,6000,sony_a6000,0
water_gun_toy_yellow,water_gun_toy_yellow/wild_set/images/037.jpg,correspondence,val,3072,4080,pixel_6pro,0
water_gun_toy_yellow,water_gun_toy_yellow/wild_set/images/038.jpg,correspondence,train,3024,4032,pixel_4a,0
water_gun_toy_yellow,water_gun_toy_yellow/wild_set/images/039.jpg,estimation,train,3072,4080,pixel_6pro,0
water_gun_toy_yellow,water_gun_toy_yellow/wild_set/images/040.jpg,estimation,train,3072,4080,pixel_6pro,0
water_gun_toy_yellow,water_gun_toy_yellow/wild_set/images/041.jpg,correspondence,train,4000,6000,sony_a6000,0
water_gun_toy_yellow,water_gun_toy_yellow/wild_set/images/042.jpg,correspondence,train,3024,4032,pixel_4a,0
water_gun_toy_yellow,water_gun_toy_yellow/wild_set/images/043.jpg,correspondence,val,3024,4032,pixel_4a,0
water_gun_toy_yellow,water_gun_toy_yellow/wild_set/images/044.jpg,estimation,train,4000,6000,sony_a6000,0
water_gun_toy_yellow,water_gun_toy_yellow/wild_set/images/045.jpg,estimation,val,4000,6000,sony_a6000,0
water_gun_toy_yellow,water_gun_toy_yellow/wild_set/images/046.jpg,correspondence,train,3024,4032,pixel_4a,0
weisshai_great_white_shark,weisshai_great_white_shark/wild_set/images/001.jpg,estimation,train,3024,4032,ipad_4,0
weisshai_great_white_shark,weisshai_great_white_shark/wild_set/images/002.jpg,estimation,train,3024,4032,pixel_4xl,0
weisshai_great_white_shark,weisshai_great_white_shark/wild_set/images/004.jpg,estimation,train,3456,5184,canon_t4i,0
weisshai_great_white_shark,weisshai_great_white_shark/wild_set/images/005.jpg,estimation,train,3024,4032,pixel_5,0
weisshai_great_white_shark,weisshai_great_white_shark/wild_set/images/007.jpg,correspondence,train,3024,4032,pixel_4xl,0
weisshai_great_white_shark,weisshai_great_white_shark/wild_set/images/008.jpg,estimation,train,3024,4032,pixel_4xl,0
weisshai_great_white_shark,weisshai_great_white_shark/wild_set/images/009.jpg,estimation,train,3024,4032,pixel_4xl,0
weisshai_great_white_shark,weisshai_great_white_shark/wild_set/images/010.jpg,estimation,train,3024,4032,pixel_4xl,0
weisshai_great_white_shark,weisshai_great_white_shark/wild_set/images/011.jpg,correspondence,train,3024,4032,pixel_5,0
weisshai_great_white_shark,weisshai_great_white_shark/wild_set/images/013.jpg,correspondence,train,3024,4032,pixel_5,0
weisshai_great_white_shark,weisshai_great_white_shark/wild_set/images/014.jpg,estimation,train,3024,4032,pixel_4xl,0
weisshai_great_white_shark,weisshai_great_white_shark/wild_set/images/015.jpg,estimation,train,3024,4032,pixel_5,0
weisshai_great_white_shark,weisshai_great_white_shark/wild_set/images/016.jpg,correspondence,train,3024,4032,pixel_4xl,0
weisshai_great_white_shark,weisshai_great_white_shark/wild_set/images/017.jpg,correspondence,train,3024,4032,ipad_4,0
weisshai_great_white_shark,weisshai_great_white_shark/wild_set/images/018.jpg,correspondence,train,3456,5184,canon_t4i,0
weisshai_great_white_shark,weisshai_great_white_shark/wild_set/images/019.jpg,estimation,train,3024,4032,ipad_4,0
weisshai_great_white_shark,weisshai_great_white_shark/wild_set/images/020.jpg,correspondence,train,3024,4032,ipad_4,0
weisshai_great_white_shark,weisshai_great_white_shark/wild_set/images/021.jpg,estimation,train,3024,4032,pixel_4xl,0
weisshai_great_white_shark,weisshai_great_white_shark/wild_set/images/023.jpg,estimation,train,3456,5184,canon_t4i,0
weisshai_great_white_shark,weisshai_great_white_shark/wild_set/images/024.jpg,estimation,train,3456,5184,canon_t4i,0
weisshai_great_white_shark,weisshai_great_white_shark/wild_set/images/025.jpg,correspondence,train,3024,4032,pixel_4xl,0
weisshai_great_white_shark,weisshai_great_white_shark/wild_set/images/026.jpg,correspondence,train,3024,4032,ipad_4,0
weisshai_great_white_shark,weisshai_great_white_shark/wild_set/images/027.jpg,estimation,train,3024,4032,pixel_4xl,0
weisshai_great_white_shark,weisshai_great_white_shark/wild_set/images/028.jpg,correspondence,train,3024,4032,pixel_5,0
weisshai_great_white_shark,weisshai_great_white_shark/wild_set/images/029.jpg,correspondence,train,4032,3024,pixel_4xl,0
weisshai_great_white_shark,weisshai_great_white_shark/wild_set/images/030.jpg,correspondence,train,3024,4032,pixel_5,0
weisshai_great_white_shark,weisshai_great_white_shark/wild_set/images/031.jpg,correspondence,train,3024,4032,pixel_4xl,0
weisshai_great_white_shark,weisshai_great_white_shark/wild_set/images/032.jpg,correspondence,train,3024,4032,pixel_4xl,0
weisshai_great_white_shark,weisshai_great_white_shark/wild_set/images/033.jpg,estimation,train,3024,4032,pixel_5,0
weisshai_great_white_shark,weisshai_great_white_shark/wild_set/images/034.jpg,estimation,val,3024,4032,pixel_5,0
weisshai_great_white_shark,weisshai_great_white_shark/wild_set/images/035.jpg,estimation,val,4032,3024,pixel_4xl,0
weisshai_great_white_shark,weisshai_great_white_shark/wild_set/images/036.jpg,correspondence,val,3456,5184,canon_t4i,0
weisshai_great_white_shark,weisshai_great_white_shark/wild_set/images/037.jpg,correspondence,val,3024,4032,pixel_5,0
weisshai_great_white_shark,weisshai_great_white_shark/wild_set/images/038.jpg,correspondence,val,3024,4032,pixel_4xl,0
weisshai_great_white_shark,weisshai_great_white_shark/wild_set/images/039.jpg,correspondence,val,3024,4032,pixel_4xl,0
weisshai_great_white_shark,weisshai_great_white_shark/wild_set/images/040.jpg,estimation,val,3024,4032,pixel_5,0
weisshai_great_white_shark,weisshai_great_white_shark/wild_set/images/042.jpg,estimation,val,3024,4032,pixel_4xl,0
weisshai_great_white_shark,weisshai_great_white_shark/wild_set/images/043.jpg,estimation,val,3024,4032,pixel_4xl,0
weisshai_great_white_shark,weisshai_great_white_shark/wild_set/images/044.jpg,correspondence,val,3024,4032,pixel_5,0
welcome_sign_mushrooms,welcome_sign_mushrooms/wild_set/images/000.jpg,estimation,train,3072,4080,pixel_6pro,0
welcome_sign_mushrooms,welcome_sign_mushrooms/wild_set/images/001.jpg,estimation,train,3024,4032,iphone_7plus,0
welcome_sign_mushrooms,welcome_sign_mushrooms/wild_set/images/002.jpg,estimation,train,3024,4032,iphone_7plus,0
welcome_sign_mushrooms,welcome_sign_mushrooms/wild_set/images/003.jpg,correspondence,train,3024,4032,pixel_4a,0
welcome_sign_mushrooms,welcome_sign_mushrooms/wild_set/images/004.jpg,estimation,train,4000,6000,sony_a6000,0
welcome_sign_mushrooms,welcome_sign_mushrooms/wild_set/images/005.jpg,correspondence,train,3072,4080,pixel_6pro,0
welcome_sign_mushrooms,welcome_sign_mushrooms/wild_set/images/006.jpg,estimation,train,3024,4032,pixel_4a,0
welcome_sign_mushrooms,welcome_sign_mushrooms/wild_set/images/007.jpg,correspondence,train,3024,4032,pixel_4a,0
welcome_sign_mushrooms,welcome_sign_mushrooms/wild_set/images/008.jpg,estimation,val,3072,4080,pixel_6pro,0
welcome_sign_mushrooms,welcome_sign_mushrooms/wild_set/images/009.jpg,estimation,train,4000,6000,sony_a6000,0
welcome_sign_mushrooms,welcome_sign_mushrooms/wild_set/images/010.jpg,estimation,train,3024,4032,pixel_4a,0
welcome_sign_mushrooms,welcome_sign_mushrooms/wild_set/images/011.jpg,correspondence,train,3024,4032,pixel_4a,0
welcome_sign_mushrooms,welcome_sign_mushrooms/wild_set/images/012.jpg,estimation,train,3072,4080,pixel_6pro,0
welcome_sign_mushrooms,welcome_sign_mushrooms/wild_set/images/013.jpg,correspondence,train,3024,4032,pixel_4a,0
welcome_sign_mushrooms,welcome_sign_mushrooms/wild_set/images/014.jpg,correspondence,train,3024,4032,iphone_7plus,0
welcome_sign_mushrooms,welcome_sign_mushrooms/wild_set/images/015.jpg,estimation,train,4000,6000,sony_a6000,0
welcome_sign_mushrooms,welcome_sign_mushrooms/wild_set/images/016.jpg,estimation,val,3024,4032,iphone_7plus,0
welcome_sign_mushrooms,welcome_sign_mushrooms/wild_set/images/017.jpg,estimation,train,3024,4032,pixel_4a,0
welcome_sign_mushrooms,welcome_sign_mushrooms/wild_set/images/018.jpg,correspondence,train,3024,4032,pixel_4a,0
welcome_sign_mushrooms,welcome_sign_mushrooms/wild_set/images/019.jpg,estimation,train,3072,4080,pixel_6pro,0
welcome_sign_mushrooms,welcome_sign_mushrooms/wild_set/images/020.jpg,correspondence,val,3024,4032,iphone_7plus,0
welcome_sign_mushrooms,welcome_sign_mushrooms/wild_set/images/021.jpg,estimation,train,3024,4032,pixel_4a,0
welcome_sign_mushrooms,welcome_sign_mushrooms/wild_set/images/022.jpg,correspondence,train,3024,4032,pixel_4a,0
welcome_sign_mushrooms,welcome_sign_mushrooms/wild_set/images/023.jpg,correspondence,train,3024,4032,iphone_7plus,0
welcome_sign_mushrooms,welcome_sign_mushrooms/wild_set/images/024.jpg,estimation,train,3024,4032,pixel_4a,0
welcome_sign_mushrooms,welcome_sign_mushrooms/wild_set/images/025.jpg,correspondence,train,3072,4080,pixel_6pro,0
welcome_sign_mushrooms,welcome_sign_mushrooms/wild_set/images/026.jpg,correspondence,train,3024,4032,pixel_4a,0
welcome_sign_mushrooms,welcome_sign_mushrooms/wild_set/images/027.jpg,estimation,train,4000,6000,sony_a6000,0
welcome_sign_mushrooms,welcome_sign_mushrooms/wild_set/images/028.jpg,estimation,val,3024,4032,iphone_7plus,0
welcome_sign_mushrooms,welcome_sign_mushrooms/wild_set/images/029.jpg,correspondence,train,3072,4080,pixel_6pro,0
welcome_sign_mushrooms,welcome_sign_mushrooms/wild_set/images/030.jpg,correspondence,train,4000,6000,sony_a6000,0
welcome_sign_mushrooms,welcome_sign_mushrooms/wild_set/images/031.jpg,estimation,val,3024,4032,iphone_7plus,0
welcome_sign_mushrooms,welcome_sign_mushrooms/wild_set/images/032.jpg,correspondence,val,3024,4032,pixel_4a,0
welcome_sign_mushrooms,welcome_sign_mushrooms/wild_set/images/033.jpg,estimation,train,3024,4032,pixel_4a,0
welcome_sign_mushrooms,welcome_sign_mushrooms/wild_set/images/034.jpg,correspondence,val,4000,6000,sony_a6000,0
welcome_sign_mushrooms,welcome_sign_mushrooms/wild_set/images/035.jpg,correspondence,train,3024,4032,iphone_7plus,0
welcome_sign_mushrooms,welcome_sign_mushrooms/wild_set/images/036.jpg,estimation,train,3024,4032,pixel_4a,0
welcome_sign_mushrooms,welcome_sign_mushrooms/wild_set/images/037.jpg,correspondence,train,3072,4080,pixel_6pro,0
welcome_sign_mushrooms,welcome_sign_mushrooms/wild_set/images/038.jpg,correspondence,val,4000,6000,sony_a6000,0
welcome_sign_mushrooms,welcome_sign_mushrooms/wild_set/images/039.jpg,correspondence,train,3072,4080,pixel_6pro,0
welcome_sign_mushrooms,welcome_sign_mushrooms/wild_set/images/040.jpg,correspondence,train,3024,4032,pixel_4a,0
welcome_sign_mushrooms,welcome_sign_mushrooms/wild_set/images/041.jpg,estimation,val,3072,4080,pixel_6pro,0
welcome_sign_mushrooms,welcome_sign_mushrooms/wild_set/images/042.jpg,correspondence,val,4032,3024,iphone_7plus,0
welcome_sign_mushrooms,welcome_sign_mushrooms/wild_set/images/043.jpg,estimation,train,4000,6000,sony_a6000,0
welcome_sign_mushrooms,welcome_sign_mushrooms/wild_set/images/044.jpg,estimation,train,3024,4032,pixel_4a,0
welcome_sign_mushrooms,welcome_sign_mushrooms/wild_set/images/045.jpg,correspondence,train,3024,4032,pixel_4a,0
welcome_sign_mushrooms,welcome_sign_mushrooms/wild_set/images/046.jpg,correspondence,train,4000,6000,sony_a6000,0
welcome_sign_mushrooms,welcome_sign_mushrooms/wild_set/images/047.jpg,correspondence,train,4000,6000,sony_a6000,0
welcome_sign_mushrooms,welcome_sign_mushrooms/wild_set/images/048.jpg,estimation,train,3024,4032,pixel_4a,0
welcome_sign_mushrooms,welcome_sign_mushrooms/wild_set/images/049.jpg,estimation,train,3024,4032,pixel_4a,0
well_with_leaf_roof_showpiece,well_with_leaf_roof_showpiece/wild_set/images/000.jpg,estimation,train,3072,4080,pixel_6pro,0
well_with_leaf_roof_showpiece,well_with_leaf_roof_showpiece/wild_set/images/001.jpg,correspondence,val,3024,4032,iphone_7plus,0
well_with_leaf_roof_showpiece,well_with_leaf_roof_showpiece/wild_set/images/002.jpg,estimation,train,3024,4032,iphone_7plus,0
well_with_leaf_roof_showpiece,well_with_leaf_roof_showpiece/wild_set/images/003.jpg,estimation,train,3024,4032,pixel_4a,0
well_with_leaf_roof_showpiece,well_with_leaf_roof_showpiece/wild_set/images/004.jpg,correspondence,train,4000,6000,sony_a6000,0
well_with_leaf_roof_showpiece,well_with_leaf_roof_showpiece/wild_set/images/005.jpg,correspondence,train,3072,4080,pixel_6pro,0
well_with_leaf_roof_showpiece,well_with_leaf_roof_showpiece/wild_set/images/006.jpg,correspondence,train,3024,4032,pixel_4a,0
well_with_leaf_roof_showpiece,well_with_leaf_roof_showpiece/wild_set/images/007.jpg,correspondence,train,3024,4032,pixel_4a,0
well_with_leaf_roof_showpiece,well_with_leaf_roof_showpiece/wild_set/images/008.jpg,correspondence,train,3072,4080,pixel_6pro,0
well_with_leaf_roof_showpiece,well_with_leaf_roof_showpiece/wild_set/images/009.jpg,estimation,val,4000,6000,sony_a6000,0
well_with_leaf_roof_showpiece,well_with_leaf_roof_showpiece/wild_set/images/010.jpg,correspondence,train,3024,4032,pixel_4a,0
well_with_leaf_roof_showpiece,well_with_leaf_roof_showpiece/wild_set/images/011.jpg,estimation,val,3024,4032,pixel_4a,0
well_with_leaf_roof_showpiece,well_with_leaf_roof_showpiece/wild_set/images/012.jpg,correspondence,train,3072,4080,pixel_6pro,0
well_with_leaf_roof_showpiece,well_with_leaf_roof_showpiece/wild_set/images/013.jpg,correspondence,train,3024,4032,pixel_4a,0
well_with_leaf_roof_showpiece,well_with_leaf_roof_showpiece/wild_set/images/014.jpg,correspondence,train,3024,4032,iphone_7plus,0
well_with_leaf_roof_showpiece,well_with_leaf_roof_showpiece/wild_set/images/015.jpg,correspondence,train,4000,6000,sony_a6000,0
well_with_leaf_roof_showpiece,well_with_leaf_roof_showpiece/wild_set/images/016.jpg,correspondence,val,3024,4032,iphone_7plus,0
well_with_leaf_roof_showpiece,well_with_leaf_roof_showpiece/wild_set/images/017.jpg,estimation,train,3024,4032,pixel_4a,0
well_with_leaf_roof_showpiece,well_with_leaf_roof_showpiece/wild_set/images/018.jpg,correspondence,val,3024,4032,pixel_4a,0
well_with_leaf_roof_showpiece,well_with_leaf_roof_showpiece/wild_set/images/019.jpg,correspondence,train,3072,4080,pixel_6pro,0
well_with_leaf_roof_showpiece,well_with_leaf_roof_showpiece/wild_set/images/020.jpg,correspondence,train,3024,4032,iphone_7plus,0
well_with_leaf_roof_showpiece,well_with_leaf_roof_showpiece/wild_set/images/021.jpg,estimation,train,3024,4032,pixel_4a,0
well_with_leaf_roof_showpiece,well_with_leaf_roof_showpiece/wild_set/images/022.jpg,estimation,train,3024,4032,pixel_4a,0
well_with_leaf_roof_showpiece,well_with_leaf_roof_showpiece/wild_set/images/023.jpg,estimation,train,3024,4032,iphone_7plus,0
well_with_leaf_roof_showpiece,well_with_leaf_roof_showpiece/wild_set/images/024.jpg,correspondence,train,3024,4032,pixel_4a,0
well_with_leaf_roof_showpiece,well_with_leaf_roof_showpiece/wild_set/images/025.jpg,estimation,train,3072,4080,pixel_6pro,0
well_with_leaf_roof_showpiece,well_with_leaf_roof_showpiece/wild_set/images/026.jpg,correspondence,train,3024,4032,pixel_4a,0
well_with_leaf_roof_showpiece,well_with_leaf_roof_showpiece/wild_set/images/027.jpg,correspondence,val,4000,6000,sony_a6000,0
well_with_leaf_roof_showpiece,well_with_leaf_roof_showpiece/wild_set/images/028.jpg,estimation,train,3024,4032,iphone_7plus,0
well_with_leaf_roof_showpiece,well_with_leaf_roof_showpiece/wild_set/images/029.jpg,estimation,train,3072,4080,pixel_6pro,0
well_with_leaf_roof_showpiece,well_with_leaf_roof_showpiece/wild_set/images/030.jpg,estimation,train,4000,6000,sony_a6000,0
well_with_leaf_roof_showpiece,well_with_leaf_roof_showpiece/wild_set/images/031.jpg,estimation,train,3024,4032,iphone_7plus,0
well_with_leaf_roof_showpiece,well_with_leaf_roof_showpiece/wild_set/images/032.jpg,correspondence,train,3024,4032,pixel_4a,0
well_with_leaf_roof_showpiece,well_with_leaf_roof_showpiece/wild_set/images/033.jpg,estimation,train,3024,4032,pixel_4a,0
well_with_leaf_roof_showpiece,well_with_leaf_roof_showpiece/wild_set/images/034.jpg,estimation,train,4000,6000,sony_a6000,0
well_with_leaf_roof_showpiece,well_with_leaf_roof_showpiece/wild_set/images/035.jpg,correspondence,train,3024,4032,iphone_7plus,0
well_with_leaf_roof_showpiece,well_with_leaf_roof_showpiece/wild_set/images/036.jpg,estimation,val,3024,4032,pixel_4a,0
well_with_leaf_roof_showpiece,well_with_leaf_roof_showpiece/wild_set/images/037.jpg,estimation,train,3072,4080,pixel_6pro,0
well_with_leaf_roof_showpiece,well_with_leaf_roof_showpiece/wild_set/images/038.jpg,estimation,train,4000,6000,sony_a6000,0
well_with_leaf_roof_showpiece,well_with_leaf_roof_showpiece/wild_set/images/039.jpg,correspondence,train,3072,4080,pixel_6pro,0
well_with_leaf_roof_showpiece,well_with_leaf_roof_showpiece/wild_set/images/040.jpg,correspondence,train,3024,4032,pixel_4a,0
well_with_leaf_roof_showpiece,well_with_leaf_roof_showpiece/wild_set/images/041.jpg,estimation,train,3072,4080,pixel_6pro,0
well_with_leaf_roof_showpiece,well_with_leaf_roof_showpiece/wild_set/images/042.jpg,estimation,val,4032,3024,iphone_7plus,0
well_with_leaf_roof_showpiece,well_with_leaf_roof_showpiece/wild_set/images/043.jpg,estimation,train,4000,6000,sony_a6000,0
well_with_leaf_roof_showpiece,well_with_leaf_roof_showpiece/wild_set/images/044.jpg,estimation,train,3024,4032,pixel_4a,0
well_with_leaf_roof_showpiece,well_with_leaf_roof_showpiece/wild_set/images/045.jpg,correspondence,train,3024,4032,pixel_4a,0
well_with_leaf_roof_showpiece,well_with_leaf_roof_showpiece/wild_set/images/046.jpg,correspondence,val,4000,6000,sony_a6000,0
well_with_leaf_roof_showpiece,well_with_leaf_roof_showpiece/wild_set/images/047.jpg,correspondence,train,4000,6000,sony_a6000,0
well_with_leaf_roof_showpiece,well_with_leaf_roof_showpiece/wild_set/images/048.jpg,estimation,train,3024,4032,pixel_4a,0
well_with_leaf_roof_showpiece,well_with_leaf_roof_showpiece/wild_set/images/049.jpg,estimation,val,3024,4032,pixel_4a,0
